YEAR,humidity,tavg,tmax,tmin,district,rainfall,wind,yield
1981,67.92,20.15,36.8,4.5,Kasungu,2.65,2.49,
1982,75.58,19.67,34.35,5.16,Kasungu,4.69,2.38,
1983,68.67,21.14,36.77,6.88,Kasungu,3.86,2.35,
1984,73.49,19.85,33.79,6.99,Kasungu,4.47,2.37,1440.954043048284
1985,75.35,19.36,35.95,4.44,Kasungu,3.96,2.4,1433.9622641509434
1986,73.16,19.69,35.3,5.65,Kasungu,4.59,2.36,1300.0
1987,68.92,20.63,35.93,5.85,Kasungu,3.24,2.31,1110.8133086876155
1988,71.18,20.53,35.07,7.16,Kasungu,3.58,2.46,
1989,74.86,19.74,35.67,6.48,Kasungu,4.45,2.42,1317.1246470802
1990,67.01,20.7,36.46,7.76,Kasungu,2.9,2.48,1317.8405478112008
1991,66.89,20.72,34.51,6.34,Kasungu,3.35,2.39,1275.4702991018573
1992,62.21,21.43,35.1,7.79,Kasungu,2.86,2.41,830.08658008658
1993,71.98,20.16,36.06,5.82,Kasungu,3.89,2.39,2238.3619965268053
1994,63.56,20.93,37.55,6.19,Kasungu,2.67,2.48,1163.9425067528935
1995,63.07,21.27,36.98,6.98,Kasungu,2.88,2.49,1603.935324129652
1996,68.96,20.49,35.68,5.82,Kasungu,3.38,2.41,1970.0402106813162
1997,72.43,20.43,36.82,7.27,Kasungu,2.9,2.52,1893.4318587193006
1998,59.99,22.05,35.87,8.08,Kasungu,2.12,2.63,2019.7932110056413
1999,72.58,20.2,35.53,5.45,Kasungu,3.32,2.56,2158.4474005526636
2000,67.52,20.91,34.78,8.24,Kasungu,2.6,2.46,2199.9021526418783
2001,66.35,20.99,35.43,6.36,Kasungu,2.8,2.39,1464.7374090673334
2002,65.77,21.28,35.95,6.13,Kasungu,2.6,2.42,1473.088491372487
2003,66.91,21.14,36.37,7.41,Kasungu,2.89,2.25,1657.5042568718072
2004,69.58,20.87,36.17,7.98,Kasungu,3.51,2.4,878.818921361856
2005,62.54,21.61,36.39,7.91,Kasungu,1.88,2.38,957.6611160104443
2006,68.63,20.91,36.65,6.73,Kasungu,2.93,2.31,852.6992853216053
2007,68.81,20.98,36.25,7.0,Kasungu,2.77,2.36,2156.0697233643696
2008,65.31,20.93,36.21,6.61,Kasungu,2.56,2.29,2281.399673769623
2009,69.7,20.62,34.83,7.42,Kasungu,2.83,2.23,2496.7491062655486
2010,66.81,21.44,36.61,7.58,Kasungu,3.25,2.4,2501.701012786924
2011,68.43,20.81,38.14,6.81,Kasungu,2.61,2.16,2665.1707852397653
2012,66.35,21.21,36.41,5.95,Kasungu,3.07,2.22,2367.601127083433
2013,65.2,21.28,36.76,8.17,Kasungu,3.37,2.31,2176.8509885486146
2014,70.15,20.81,37.91,6.65,Kasungu,3.68,2.29,2384.0938306997487
2015,65.73,21.6,38.07,8.2,Kasungu,1.75,2.37,1747.1785321636114
2016,62.25,22.04,36.69,8.43,Kasungu,2.27,2.4,1401.1158420202614
2017,67.81,21.39,38.44,8.73,Kasungu,2.7,2.42,2102.1438833020225
2018,69.74,21.0,36.11,6.06,Kasungu,3.36,2.39,1772.4473988666
2019,71.8,20.96,37.69,6.59,Kasungu,3.62,2.32,2213.867263526664
2020,70.76,21.01,36.09,6.92,Kasungu,3.93,2.33,2475.990470706455
2021,70.47,20.82,36.83,7.06,Kasungu,3.07,2.39,3429.7818748821987
2022,74.59,20.22,35.4,7.54,Kasungu,4.48,2.23,2919.750777679459
2023,72.25,21.14,37.06,7.02,Kasungu,3.3,2.26,3159.9615869147683
2024,66.93,21.64,35.9,6.79,Kasungu,4.22,2.29,
2025,67.29,21.54,36.46,7.21,Kasungu,2.89,2.42,
1981,71.56,19.1,35.71,4.32,Lilongwe,2.65,2.49,
1982,76.71,18.89,32.85,4.88,Lilongwe,4.69,2.38,
1983,71.51,20.17,35.51,6.13,Lilongwe,3.86,2.35,
1984,76.08,19.01,32.78,6.58,Lilongwe,4.47,2.37,1126.1794338717414
1985,76.97,18.66,34.57,3.57,Lilongwe,3.96,2.4,1574.534888763607
1986,75.96,18.79,33.64,5.23,Lilongwe,4.59,2.36,1455.77686646713
1987,71.51,19.72,34.76,5.47,Lilongwe,3.24,2.31,1281.68311895503
1988,73.89,19.6,33.4,6.12,Lilongwe,3.58,2.46,1861.9590144835115
1989,76.31,18.99,34.95,6.22,Lilongwe,4.45,2.42,1874.6959388543842
1990,69.21,19.88,35.07,6.98,Lilongwe,2.9,2.48,1117.0903210971749
1991,69.87,19.73,33.1,5.87,Lilongwe,3.35,2.39,1580.0953221535744
1992,64.55,20.53,34.55,6.4,Lilongwe,2.86,2.41,659.2926103509661
1993,73.08,19.51,35.03,6.08,Lilongwe,3.89,2.39,1561.338066726717
1994,64.87,20.18,35.72,6.35,Lilongwe,2.67,2.48,764.3716229902172
1995,66.58,20.24,35.21,6.02,Lilongwe,2.88,2.49,1316.2006988521136
1996,71.33,19.63,34.83,5.65,Lilongwe,3.38,2.41,1657.3935131238106
1997,74.2,19.65,35.56,6.74,Lilongwe,2.9,2.52,1074.755654077623
1998,64.16,20.94,34.44,7.53,Lilongwe,2.12,2.63,1379.4929517546386
1999,75.77,19.26,34.09,4.95,Lilongwe,3.32,2.56,1851.3865149621163
2000,70.65,20.01,33.82,7.71,Lilongwe,2.6,2.46,2025.1422088712766
2001,69.51,20.05,34.08,5.55,Lilongwe,2.8,2.39,1398.872253724781
2002,68.43,20.35,34.8,5.81,Lilongwe,2.6,2.42,1231.1165944567874
2003,70.57,20.11,34.86,7.18,Lilongwe,2.89,2.25,1682.153596035009
2004,72.67,19.9,34.49,7.28,Lilongwe,3.51,2.4,1133.8693069767714
2005,65.98,20.63,35.23,6.91,Lilongwe,1.88,2.38,1059.4908721150207
2006,71.83,19.96,35.17,5.38,Lilongwe,2.93,2.31,1377.1025026740645
2007,69.81,20.34,35.6,6.98,Lilongwe,2.77,2.36,2161.144716481446
2008,68.07,20.02,35.45,6.16,Lilongwe,2.56,2.29,1707.3348135671085
2009,70.98,19.94,34.65,6.84,Lilongwe,2.83,2.23,2139.536362769103
2010,69.72,20.52,35.53,6.66,Lilongwe,3.25,2.4,2429.3518740684185
2011,70.74,19.98,36.99,6.19,Lilongwe,2.61,2.16,2720.240642982831
2012,68.86,20.31,35.07,4.97,Lilongwe,3.07,2.22,2563.814709390908
2013,68.41,20.29,35.51,7.41,Lilongwe,3.37,2.31,2737.864197226806
2014,70.53,20.23,36.56,7.02,Lilongwe,3.68,2.29,2750.0121844234327
2015,67.98,20.68,36.32,7.41,Lilongwe,1.75,2.37,2074.157026188343
2016,66.43,20.93,35.54,7.94,Lilongwe,2.27,2.4,1858.7172395306618
2017,71.7,20.28,37.03,7.83,Lilongwe,2.7,2.42,2266.4220413574017
2018,71.05,20.29,35.15,5.41,Lilongwe,3.36,2.39,1778.727619606692
2019,73.52,20.19,35.84,5.67,Lilongwe,3.62,2.32,2055.990729029877
2020,71.56,20.32,35.16,6.76,Lilongwe,3.93,2.33,2162.6473609548502
2021,72.2,20.03,35.5,6.84,Lilongwe,3.07,2.39,2657.927112019608
2022,75.12,19.66,34.57,7.01,Lilongwe,4.48,2.23,2420.8602400760174
2023,74.17,20.36,35.64,6.61,Lilongwe,3.3,2.26,2325.0993438237833
2024,70.23,20.6,34.4,5.97,Lilongwe,4.22,2.29,
2025,72.29,20.28,34.9,5.95,Lilongwe,2.89,2.42,
1981,67.5,20.27,37.58,4.57,Mchinji,2.65,2.49,
1982,73.68,19.92,35.3,5.44,Mchinji,4.69,2.38,
1983,65.78,21.6,37.96,6.96,Mchinji,3.86,2.35,
1984,71.65,20.21,34.96,6.68,Mchinji,4.47,2.37,1434.6804511278194
1985,74.54,19.55,36.95,3.67,Mchinji,3.96,2.4,1585.957587078343
1986,72.26,19.88,35.92,5.37,Mchinji,4.59,2.36,1290.8914984386683
1987,66.13,21.08,36.72,6.03,Mchinji,3.24,2.31,1052.533459472996
1988,70.0,20.76,36.01,6.52,Mchinji,3.58,2.46,1269.7677665565225
1989,73.44,19.98,37.29,6.41,Mchinji,4.45,2.42,1737.3270825154154
1990,65.26,21.03,37.36,7.71,Mchinji,2.9,2.48,1498.7146529562983
1991,64.8,21.07,35.32,6.31,Mchinji,3.35,2.39,1566.1465187691922
1992,58.1,22.09,37.44,7.24,Mchinji,2.86,2.41,513.2716363266552
1993,69.27,20.63,36.93,6.31,Mchinji,3.89,2.39,
1994,60.58,21.42,38.43,6.61,Mchinji,2.67,2.48,1378.3501757469246
1995,60.97,21.62,37.14,6.89,Mchinji,2.88,2.49,1483.563806880712
1996,67.54,20.78,36.94,5.68,Mchinji,3.38,2.41,1644.969175293707
1997,71.77,20.57,37.76,7.74,Mchinji,2.9,2.52,1212.285558682037
1998,58.65,22.34,36.79,8.33,Mchinji,2.12,2.63,1294.0866471970312
1999,71.48,20.43,36.42,5.73,Mchinji,3.32,2.56,1768.7378211695695
2000,66.02,21.25,35.74,8.18,Mchinji,2.6,2.46,1697.8516342269556
2001,65.14,21.26,36.15,5.94,Mchinji,2.8,2.39,1151.1757533530745
2002,62.68,21.74,36.81,6.67,Mchinji,2.6,2.42,
2003,65.78,21.33,37.19,7.44,Mchinji,2.89,2.25,1801.9247293349372
2004,67.86,21.15,37.13,7.74,Mchinji,3.51,2.4,893.141488428581
2005,61.08,21.93,37.18,7.49,Mchinji,1.88,2.38,1091.8016521297707
2006,67.98,21.09,37.31,6.08,Mchinji,2.93,2.31,1869.1472868217054
2007,66.54,21.36,36.95,7.46,Mchinji,2.77,2.36,2277.464406779661
2008,63.97,21.17,37.4,6.87,Mchinji,2.56,2.29,2161.135211414833
2009,67.99,20.92,36.22,7.35,Mchinji,2.83,2.23,2331.052126638951
2010,64.97,21.82,37.75,7.44,Mchinji,3.25,2.4,2298.1885957248533
2011,67.03,21.05,38.87,6.71,Mchinji,2.61,2.16,2378.649308004486
2012,64.55,21.55,37.41,5.85,Mchinji,3.07,2.22,2261.1819777647747
2013,63.59,21.58,37.82,8.01,Mchinji,3.37,2.31,2305.2534472713146
2014,67.83,21.23,38.5,6.64,Mchinji,3.68,2.29,2359.127786633675
2015,64.77,21.76,38.99,7.97,Mchinji,1.75,2.37,1458.03894344355
2016,60.37,22.44,37.77,8.79,Mchinji,2.27,2.4,1638.5060655718378
2017,69.23,21.24,39.36,8.2,Mchinji,2.7,2.42,2104.3511399045033
2018,68.17,21.29,37.17,5.84,Mchinji,3.36,2.39,1844.456640112505
2019,71.62,21.02,38.47,6.33,Mchinji,3.62,2.32,1918.0169585937983
2020,69.06,21.25,37.23,6.08,Mchinji,3.93,2.33,2073.659441823232
2021,69.88,20.97,37.74,7.26,Mchinji,3.07,2.39,2957.8469264859846
2022,73.3,20.52,36.43,7.33,Mchinji,4.48,2.23,2741.7802012879843
2023,72.2,21.23,38.69,7.07,Mchinji,3.3,2.26,2573.3964622275744
2024,66.18,21.77,36.95,6.12,Mchinji,4.22,2.29,
2025,69.02,21.35,36.87,6.78,Mchinji,2.89,2.42,
1981,65.17,22.45,35.17,9.44,Chitipa,3.4,2.9,
1982,71.07,22.14,33.96,9.32,Chitipa,5.28,2.82,
1983,67.54,22.94,36.16,11.45,Chitipa,3.64,2.93,1488.422247446084
1984,70.82,21.74,33.88,11.54,Chitipa,5.74,2.87,1533.5856196783348
1985,70.08,21.64,35.03,9.93,Chitipa,5.32,2.83,1700.4239737907112
1986,69.97,21.73,34.23,9.91,Chitipa,5.01,2.89,1060.9378918331522
1987,68.42,22.49,34.85,9.93,Chitipa,3.92,2.76,986.7104183757178
1988,66.72,22.9,34.71,11.68,Chitipa,3.9,2.89,1041.2339645693341
1989,70.89,21.8,34.86,10.54,Chitipa,4.75,2.83,1292.8539122568973
1990,65.98,22.57,36.42,11.21,Chitipa,3.18,2.99,1080.0410466906105
1991,67.61,22.44,35.21,9.91,Chitipa,3.76,2.86,1106.7220543806645
1992,65.35,22.65,34.81,10.19,Chitipa,2.77,2.96,599.9848220384002
1993,67.11,22.29,36.04,10.06,Chitipa,3.62,3.0,1711.840925759922
1994,66.3,22.49,36.22,10.63,Chitipa,3.44,2.92,638.535164377861
1995,66.61,22.47,36.02,10.82,Chitipa,3.25,2.96,1446.119171714326
1996,67.78,22.26,35.56,9.43,Chitipa,4.05,2.8,1673.4873041599137
1997,69.76,22.4,36.08,10.6,Chitipa,3.36,2.98,893.8259035706494
1998,62.59,23.55,35.61,11.64,Chitipa,1.94,3.04,1307.1944611679712
1999,67.87,22.4,35.54,10.78,Chitipa,3.59,3.01,1843.9500538758953
2000,63.95,22.91,34.76,11.1,Chitipa,2.48,2.87,1462.7320738280612
2001,63.52,23.04,36.25,11.5,Chitipa,2.27,2.83,861.4068251915232
2002,65.47,23.03,35.21,11.0,Chitipa,2.86,2.91,1018.743870100621
2003,64.78,23.21,35.65,10.69,Chitipa,2.8,2.65,1441.5644526729923
2004,67.62,22.77,35.49,10.8,Chitipa,3.15,2.87,1510.7121749408982
2005,64.36,23.32,35.8,11.51,Chitipa,2.03,2.81,1239.7964225714004
2006,68.78,22.74,35.62,10.19,Chitipa,4.34,2.66,1731.4922797033169
2007,69.14,22.65,35.99,10.91,Chitipa,4.02,2.68,2210.638400851846
2008,67.59,22.45,35.55,10.47,Chitipa,3.22,2.62,2276.4975006354316
2009,67.92,22.68,34.47,11.25,Chitipa,3.39,2.62,2836.365564693429
2010,67.19,22.94,35.44,10.42,Chitipa,3.19,2.74,2823.591066677417
2011,69.09,22.59,35.97,11.11,Chitipa,3.55,2.48,3104.043354600661
2012,66.7,22.83,35.51,10.92,Chitipa,3.35,2.55,3188.678551736813
2013,65.52,23.13,36.54,11.82,Chitipa,3.34,2.76,3219.466168041381
2014,70.07,22.7,35.24,10.81,Chitipa,3.92,2.65,3377.7267463515386
2015,67.53,23.14,36.0,12.55,Chitipa,3.07,2.69,2917.584990619137
2016,68.56,22.78,35.2,11.06,Chitipa,3.8,2.68,2836.4093116730864
2017,70.67,22.67,35.77,12.3,Chitipa,4.47,2.59,3235.2455108851104
2018,71.55,22.38,34.57,10.77,Chitipa,4.11,2.69,3014.4018377805264
2019,71.37,22.85,37.13,11.61,Chitipa,3.92,2.58,3186.115127017378
2020,73.18,22.42,34.66,11.26,Chitipa,5.01,2.57,3330.0270001421063
2021,70.43,22.45,35.6,10.53,Chitipa,3.37,2.79,3654.194982694591
2022,71.03,22.25,34.46,11.94,Chitipa,5.05,2.6,2162.4667506649866
2023,70.24,23.09,35.83,11.44,Chitipa,3.65,2.62,3341.2828726010066
2024,68.91,23.21,35.39,11.46,Chitipa,3.25,2.64,
2025,69.67,22.83,34.94,10.8,Chitipa,4.94,2.71,
1981,59.08,25.96,34.7,16.63,Likoma,3.4,2.9,
1982,63.11,25.77,33.18,16.93,Likoma,5.28,2.82,
1983,61.2,26.51,35.15,18.27,Likoma,3.64,2.93,
1984,62.27,25.62,33.88,18.52,Likoma,5.74,2.87,1165.079365079365
1985,61.5,25.57,34.45,18.12,Likoma,5.32,2.83,1062.6765990238891
1986,61.23,25.68,34.07,17.86,Likoma,5.01,2.89,1064.4474034620505
1987,59.88,26.27,34.53,15.85,Likoma,3.92,2.76,1079.1154791154788
1988,59.8,26.57,34.33,19.03,Likoma,3.9,2.89,1273.953488372093
1989,62.98,25.56,33.95,17.61,Likoma,4.75,2.83,1001.2345679012346
1990,58.61,26.44,35.69,18.35,Likoma,3.18,2.99,931.5068493150684
1991,60.75,26.07,34.71,17.45,Likoma,3.76,2.86,
1992,58.61,26.49,34.4,17.71,Likoma,2.77,2.96,775.6835678258561
1993,60.18,26.1,34.74,17.19,Likoma,3.62,3.0,1088.2961124896608
1994,58.93,26.26,34.28,17.68,Likoma,3.44,2.92,937.9775280898875
1995,59.17,26.32,34.86,17.99,Likoma,3.25,2.96,1324.3839646929016
1996,60.45,26.01,34.86,17.26,Likoma,4.05,2.8,1488.8313370022663
1997,62.51,26.07,35.33,18.2,Likoma,3.36,2.98,1550.020142339197
1998,58.25,27.03,34.31,19.23,Likoma,1.94,3.04,
1999,62.32,25.86,34.54,18.25,Likoma,3.59,3.01,
2000,60.4,26.33,34.17,18.48,Likoma,2.48,2.87,
2001,58.87,26.58,35.2,18.75,Likoma,2.27,2.83,
2002,61.29,26.3,35.15,17.62,Likoma,2.86,2.91,
2003,60.64,26.54,35.05,16.8,Likoma,2.8,2.65,
2004,62.66,26.2,34.15,18.11,Likoma,3.15,2.87,657.8947368421053
2005,58.51,26.93,35.89,18.65,Likoma,2.03,2.81,2000.0
2006,62.29,26.26,34.43,17.57,Likoma,4.34,2.66,1921.5686274509806
2007,62.15,26.37,34.83,17.67,Likoma,4.02,2.68,1375.0
2008,60.92,26.03,35.32,18.6,Likoma,3.22,2.62,1950.0
2009,61.52,26.19,33.77,17.91,Likoma,3.39,2.62,2378.3783783783783
2010,61.35,26.49,35.03,17.28,Likoma,3.19,2.74,2137.6146788990823
2011,61.59,26.28,35.79,18.87,Likoma,3.55,2.48,2149.3506493506493
2012,60.44,26.44,35.31,19.29,Likoma,3.35,2.55,1888.1118881118882
2013,60.32,26.49,35.11,18.47,Likoma,3.34,2.76,1657.8947368421052
2014,61.55,26.5,34.76,18.43,Likoma,3.92,2.65,1759.493670886076
2015,61.09,26.66,35.21,19.58,Likoma,3.07,2.69,1716.1290322580644
2016,60.17,26.68,34.79,18.23,Likoma,3.8,2.68,1525.3164556962024
2017,61.78,26.56,35.69,20.33,Likoma,4.47,2.59,1892.3076923076922
2018,62.84,26.18,34.41,17.95,Likoma,4.11,2.69,1783.4586466165413
2019,62.51,26.66,35.81,19.14,Likoma,3.92,2.58,1993.3333333333335
2020,63.45,26.31,34.19,16.92,Likoma,5.01,2.57,2031.0077519379845
2021,61.77,26.19,35.6,17.11,Likoma,3.37,2.79,2334.722222222222
2022,62.89,25.97,33.98,18.97,Likoma,5.05,2.6,2223.021582733813
2023,61.85,26.81,35.22,18.6,Likoma,3.65,2.62,2198.529411764706
2024,60.7,26.97,34.91,18.68,Likoma,3.25,2.64,
2025,61.53,26.66,34.81,18.08,Likoma,4.94,2.71,
1981,75.92,18.98,32.58,5.93,Mzimba,3.4,2.9,
1982,80.73,18.98,29.41,6.58,Mzimba,5.28,2.82,
1983,79.43,19.56,32.61,7.88,Mzimba,3.64,2.93,
1984,80.28,18.72,29.23,8.84,Mzimba,5.74,2.87,1432.0625889046942
1985,79.9,18.56,30.03,6.8,Mzimba,5.32,2.83,1080.748589091021
1986,79.77,18.67,29.89,6.65,Mzimba,5.01,2.89,1146.0897690955062
1987,77.79,19.29,30.98,6.0,Mzimba,3.92,2.76,1006.3466617610344
1988,77.83,19.49,30.9,7.3,Mzimba,3.9,2.89,1288.3988627695721
1989,80.09,18.87,30.79,7.69,Mzimba,4.75,2.83,1083.4794808839004
1990,74.3,19.62,33.36,7.91,Mzimba,3.18,2.99,1219.890590809628
1991,76.94,19.28,31.18,7.86,Mzimba,3.76,2.86,1220.6254498177514
1992,73.5,19.8,32.01,7.73,Mzimba,2.77,2.96,935.1930747477742
1993,77.7,19.16,31.13,7.31,Mzimba,3.62,3.0,1382.0557511135414
1994,74.55,19.37,33.13,6.32,Mzimba,3.44,2.92,980.5376196363969
1995,75.02,19.5,32.57,6.88,Mzimba,3.25,2.96,962.75536202344
1996,77.28,19.13,31.83,6.41,Mzimba,4.05,2.8,1022.3056076714612
1997,78.78,19.43,32.59,7.95,Mzimba,3.36,2.98,971.9832474031963
1998,70.44,20.54,32.21,7.86,Mzimba,1.94,3.04,1161.1925776634928
1999,78.71,19.25,30.93,8.07,Mzimba,3.59,3.01,1880.3047467290767
2000,74.71,19.75,30.94,8.42,Mzimba,2.48,2.87,1503.7539439441744
2001,73.25,19.89,33.03,8.09,Mzimba,2.27,2.83,1014.640162014776
2002,75.59,19.82,31.81,7.76,Mzimba,2.86,2.91,1154.5596498018122
2003,75.22,19.99,32.78,8.41,Mzimba,2.8,2.65,782.9280792665567
2004,77.42,19.71,32.07,7.65,Mzimba,3.15,2.87,1071.1212070844183
2005,72.84,20.22,32.69,7.5,Mzimba,2.03,2.81,911.4153975129244
2006,78.26,19.53,31.91,7.32,Mzimba,4.34,2.66,2526.1440925737857
2007,78.58,19.58,32.24,7.96,Mzimba,4.02,2.68,2229.7300530324173
2008,77.39,19.23,32.36,6.97,Mzimba,3.22,2.62,1596.6588134504175
2009,78.09,19.38,29.98,7.22,Mzimba,3.39,2.62,2304.5771601136908
2010,77.34,19.82,32.45,8.17,Mzimba,3.19,2.74,2011.758602801314
2011,78.17,19.5,33.27,7.58,Mzimba,3.55,2.48,2224.36012463092
2012,76.69,19.62,31.88,5.29,Mzimba,3.35,2.55,2168.2250601517676
2013,75.3,19.79,32.65,8.19,Mzimba,3.34,2.76,1676.430992814624
2014,78.1,19.72,32.3,8.38,Mzimba,3.92,2.65,2023.9081840912502
2015,76.25,20.01,33.12,9.12,Mzimba,3.07,2.69,1412.4695387484715
2016,76.09,19.9,32.26,8.88,Mzimba,3.8,2.68,1319.673003262874
2017,78.01,19.89,32.83,8.78,Mzimba,4.47,2.59,1678.5238963518964
2018,79.67,19.51,31.31,8.21,Mzimba,4.11,2.69,1584.717079552648
2019,78.47,20.02,34.44,8.03,Mzimba,3.92,2.58,1692.7203811988377
2020,79.78,19.72,31.71,8.01,Mzimba,5.01,2.57,1699.562086893769
2021,78.48,19.5,33.66,6.9,Mzimba,3.37,2.79,2253.5131642707156
2022,80.22,19.22,30.57,9.27,Mzimba,5.05,2.6,1969.0945293675575
2023,78.94,20.07,31.85,8.56,Mzimba,3.65,2.62,1901.3672721541432
2024,76.67,20.21,32.74,8.17,Mzimba,3.25,2.64,
2025,78.2,19.87,31.63,8.4,Mzimba,4.94,2.71,
1981,66.89,22.87,38.79,9.32,Mangochi,3.03,2.08,
1982,71.16,22.62,36.63,9.51,Mangochi,4.06,1.9,
1983,65.84,24.06,38.65,10.81,Mangochi,2.85,2.1,
1984,70.81,22.78,36.76,10.51,Mangochi,4.88,1.97,775.1851851851852
1985,70.31,22.63,37.98,8.46,Mangochi,3.92,2.03,960.758361652656
1986,70.79,22.54,37.46,9.78,Mangochi,4.53,1.86,796.9785855982637
1987,66.41,23.54,38.04,10.03,Mangochi,2.78,2.06,758.8485204723179
1988,67.43,23.58,37.04,10.79,Mangochi,3.24,2.03,
1989,70.88,22.72,37.97,10.21,Mangochi,4.1,2.18,882.3417858690941
1990,63.29,23.89,39.01,11.28,Mangochi,2.16,2.17,1147.4836586369245
1991,65.74,23.43,37.05,10.4,Mangochi,3.09,2.05,1047.407782988972
1992,59.38,24.47,37.35,10.52,Mangochi,1.81,2.2,319.510387474813
1993,65.71,23.63,37.48,10.82,Mangochi,2.4,2.01,1375.8003873760968
1994,59.67,24.05,38.67,11.24,Mangochi,2.25,2.24,367.2194184090363
1995,62.04,24.04,37.84,10.34,Mangochi,2.83,2.19,1090.7514328617049
1996,66.75,23.35,38.82,10.2,Mangochi,3.45,2.13,1977.528530530609
1997,69.51,23.31,39.18,11.4,Mangochi,3.63,2.04,1134.2930633919682
1998,60.26,24.68,37.26,11.94,Mangochi,2.29,2.26,1089.9117794944461
1999,70.95,23.01,38.05,10.4,Mangochi,3.4,2.1,2071.9178351512674
2000,65.37,23.87,37.42,11.85,Mangochi,2.88,2.04,2049.6930103136438
2001,63.86,23.96,37.51,10.43,Mangochi,2.96,2.04,1265.9115508331174
2002,64.64,23.99,38.34,10.56,Mangochi,2.26,2.11,975.9284251675355
2003,67.05,23.7,37.94,10.74,Mangochi,2.9,2.07,1462.356938483548
2004,68.96,23.45,37.69,10.82,Mangochi,3.31,2.1,814.5552457701563
2005,61.63,24.49,38.93,11.29,Mangochi,2.31,2.07,792.6825757793833
2006,67.16,23.74,38.65,9.71,Mangochi,2.72,2.01,1532.3856063971568
2007,65.7,24.03,38.84,11.73,Mangochi,3.3,2.08,1776.883672923277
2008,64.85,23.63,39.77,10.54,Mangochi,2.49,1.98,1294.7315166605492
2009,66.31,23.73,37.41,10.47,Mangochi,2.42,1.99,1780.4397180069302
2010,66.75,24.05,38.36,10.73,Mangochi,3.79,2.03,1550.7485107485109
2011,67.01,23.61,40.74,10.57,Mangochi,2.47,1.95,1369.0075974873803
2012,64.85,23.96,38.63,9.69,Mangochi,2.9,2.0,1189.5611311571704
2013,64.75,23.9,38.87,11.14,Mangochi,3.25,2.1,1271.0988708344807
2014,65.43,24.03,38.09,11.86,Mangochi,2.71,2.06,1518.922678434382
2015,65.65,24.03,39.54,11.77,Mangochi,4.01,2.0,660.6807190940406
2016,63.11,24.5,38.6,10.96,Mangochi,3.27,2.07,382.2971453238064
2017,67.45,23.88,39.6,12.03,Mangochi,4.94,1.93,1210.9170111570431
2018,69.84,23.44,37.28,9.95,Mangochi,4.03,2.04,681.6196023806509
2019,69.41,23.81,38.9,10.55,Mangochi,4.68,1.98,847.0664499001914
2020,67.32,23.92,38.76,11.31,Mangochi,3.79,2.03,1134.1976655694414
2021,67.04,23.84,39.07,11.2,Mangochi,3.64,2.02,1369.4834396320298
2022,69.94,23.39,37.76,12.07,Mangochi,6.13,1.96,1077.8740023773137
2023,69.43,24.0,38.63,11.18,Mangochi,5.01,1.94,883.3823089511006
2024,66.52,24.24,38.56,11.07,Mangochi,3.92,1.96,
2025,70.28,23.62,38.87,10.34,Mangochi,4.97,1.86,
1981,71.16,21.36,39.21,7.38,Balaka,3.03,2.08,
1982,74.89,21.17,35.97,7.81,Balaka,4.06,1.9,
1983,68.88,22.69,37.54,8.54,Balaka,2.85,2.1,
1984,74.95,21.32,36.46,8.61,Balaka,4.88,1.97,799.4557823129252
1985,75.09,21.1,37.07,6.56,Balaka,3.92,2.03,967.9333680374806
1986,74.92,21.08,36.6,8.37,Balaka,4.53,1.86,758.1863979848866
1987,70.15,22.09,37.98,8.05,Balaka,2.78,2.06,828.2510328546134
1988,71.67,22.08,36.82,8.88,Balaka,3.24,2.03,943.7096555252317
1989,73.64,21.45,37.59,8.85,Balaka,4.1,2.18,1047.6223068945528
1990,65.88,22.61,39.0,9.63,Balaka,2.16,2.17,743.7545168335032
1991,69.24,21.99,36.48,8.26,Balaka,3.09,2.05,1105.7740491057923
1992,61.7,23.17,37.15,8.59,Balaka,1.81,2.2,102.66028182466518
1993,68.01,22.42,37.01,8.78,Balaka,2.4,2.01,1278.66413653483
1994,62.8,22.61,38.99,9.77,Balaka,2.25,2.24,335.6960130282587
1995,65.07,22.69,37.65,9.13,Balaka,2.83,2.19,1222.9755035941002
1996,70.31,21.95,38.4,8.4,Balaka,3.45,2.13,988.2623939755433
1997,73.51,21.86,39.45,9.17,Balaka,3.63,2.04,647.8370132860174
1998,63.13,23.32,37.11,10.04,Balaka,2.29,2.26,645.5378016839811
1999,74.87,21.6,37.91,8.86,Balaka,3.4,2.1,1770.857665961678
2000,68.74,22.53,37.03,9.33,Balaka,2.88,2.04,1475.539871648736
2001,67.69,22.49,37.08,8.69,Balaka,2.96,2.04,882.4179118607697
2002,67.53,22.65,38.38,9.06,Balaka,2.26,2.11,1009.8145433688102
2003,69.71,22.42,38.04,9.07,Balaka,2.9,2.07,1158.1591216724319
2004,72.19,22.11,38.02,9.13,Balaka,3.31,2.1,640.7040656080964
2005,64.93,23.11,38.62,9.26,Balaka,2.31,2.07,472.1692007284056
2006,70.02,22.43,38.91,7.67,Balaka,2.72,2.01,1284.6069047577387
2007,68.93,22.67,38.43,9.97,Balaka,3.3,2.08,1568.3626303761362
2008,67.45,22.34,39.34,9.47,Balaka,2.49,1.98,997.9753023366105
2009,68.74,22.49,37.67,9.15,Balaka,2.42,1.99,1465.7598236140436
2010,69.41,22.79,38.44,9.53,Balaka,3.79,2.03,975.3986643042115
2011,70.62,22.17,40.51,9.41,Balaka,2.47,1.95,991.4929888188792
2012,67.12,22.73,38.25,8.0,Balaka,2.9,2.0,561.0478806907379
2013,69.15,22.33,39.2,9.66,Balaka,3.25,2.1,1306.1155152887882
2014,68.18,22.7,38.01,10.13,Balaka,2.71,2.06,1302.7584161352515
2015,69.68,22.55,39.56,9.45,Balaka,4.01,2.0,594.1611685290417
2016,66.58,23.09,38.65,9.18,Balaka,3.27,2.07,337.88500632887116
2017,71.67,22.37,39.38,9.88,Balaka,4.94,1.93,989.6889978820644
2018,74.12,21.97,37.58,8.06,Balaka,4.03,2.04,665.969407765721
2019,73.48,22.37,39.58,8.83,Balaka,4.68,1.98,785.172096713124
2020,70.26,22.57,39.25,9.06,Balaka,3.79,2.03,1119.2619571192963
2021,70.57,22.45,39.32,9.18,Balaka,3.64,2.02,1079.0101419878295
2022,74.67,21.89,37.54,10.14,Balaka,6.13,1.96,899.5567261981241
2023,73.03,22.61,39.08,9.86,Balaka,5.01,1.94,1097.57476752953
2024,70.55,22.74,38.17,9.37,Balaka,3.92,1.96,
2025,74.45,22.17,38.73,8.36,Balaka,4.97,1.86,
1981,71.63,21.69,37.9,8.26,Machinga,3.03,2.08,
1982,73.7,21.67,35.16,9.16,Machinga,4.06,1.9,
1983,69.3,22.97,35.59,10.05,Machinga,2.85,2.1,
1984,74.82,21.68,35.47,9.83,Machinga,4.88,1.97,799.4557823129252
1985,74.25,21.58,35.69,8.32,Machinga,3.92,2.03,967.9333680374806
1986,74.12,21.51,35.36,8.85,Machinga,4.53,1.86,758.1863979848866
1987,70.99,22.32,37.19,9.57,Machinga,2.78,2.06,828.2510328546134
1988,71.32,22.48,35.43,8.99,Machinga,3.24,2.03,927.0116073185127
1989,72.19,22.04,36.2,9.69,Machinga,4.1,2.18,1131.824611032532
1990,65.72,23.03,37.58,10.35,Machinga,2.16,2.17,1146.4962689767563
1991,70.5,22.18,35.03,9.36,Machinga,3.09,2.05,1563.0242117518471
1992,62.81,23.46,36.61,9.38,Machinga,1.81,2.2,316.4542583884232
1993,66.81,22.98,36.18,10.37,Machinga,2.4,2.01,1634.2387099401394
1994,64.06,22.89,37.74,10.28,Machinga,2.25,2.24,565.0437375186341
1995,67.92,22.71,36.4,9.62,Machinga,2.83,2.19,1480.3983435219882
1996,71.33,22.16,37.5,9.26,Machinga,3.45,2.13,1334.1580555959831
1997,73.58,22.2,38.62,10.95,Machinga,3.63,2.04,807.9733644657758
1998,65.49,23.47,36.18,10.54,Machinga,2.29,2.26,1106.049555087836
1999,75.4,21.88,36.31,10.46,Machinga,3.4,2.1,1864.2621526063167
2000,68.44,23.03,36.36,10.1,Machinga,2.88,2.04,1603.5893727162
2001,67.54,22.99,36.74,10.21,Machinga,2.96,2.04,930.8692942825986
2002,69.53,22.74,37.06,10.17,Machinga,2.26,2.11,1182.079851439183
2003,69.16,22.93,37.05,10.2,Machinga,2.9,2.07,2215.086337473493
2004,72.87,22.39,36.57,9.5,Machinga,3.31,2.1,461.811907533677
2005,64.97,23.56,37.9,9.98,Machinga,2.31,2.07,472.7738898346048
2006,69.71,22.9,37.57,9.57,Machinga,2.72,2.01,1280.7021120443612
2007,72.21,22.57,37.14,10.19,Machinga,3.3,2.08,1682.1040594625501
2008,69.78,22.43,39.21,9.31,Machinga,2.49,1.98,1014.7068145800317
2009,70.06,22.67,37.25,9.85,Machinga,2.42,1.99,1514.2851114112086
2010,69.52,23.17,37.45,9.43,Machinga,3.79,2.03,1336.1098933216426
2011,70.7,22.59,39.18,10.06,Machinga,2.47,1.95,1420.5242274858722
2012,67.52,23.07,37.27,9.98,Machinga,2.9,2.0,1164.3098740779983
2013,70.68,22.43,37.77,10.16,Machinga,3.25,2.1,1332.1354187936456
2014,68.26,23.04,37.59,10.5,Machinga,2.71,2.06,1443.5574196315802
2015,70.8,22.76,38.17,10.27,Machinga,4.01,2.0,656.0574712643679
2016,67.02,23.48,37.81,10.25,Machinga,3.27,2.07,429.8171079769172
2017,72.44,22.6,38.13,10.41,Machinga,4.94,1.93,1229.457239457797
2018,75.7,22.05,36.81,10.2,Machinga,4.03,2.04,860.0622262622924
2019,73.35,22.73,38.44,9.48,Machinga,4.68,1.98,1070.180475799836
2020,71.21,22.77,39.04,9.35,Machinga,3.79,2.03,1295.3590369405247
2021,71.95,22.61,38.36,9.35,Machinga,3.64,2.02,1482.751975332434
2022,75.24,22.13,36.4,10.94,Machinga,6.13,1.96,1193.0756453733823
2023,73.49,22.8,37.63,10.02,Machinga,5.01,1.94,1227.0581267450716
2024,72.06,22.85,36.77,10.07,Machinga,3.92,1.96,
2025,74.66,22.46,37.53,9.33,Machinga,4.97,1.86,
1981,71.71,20.47,39.49,6.98,Ntcheu,3.03,2.08,
1982,74.74,20.27,36.02,7.1,Ntcheu,4.06,1.9,
1983,65.85,22.19,38.09,8.2,Ntcheu,2.85,2.1,
1984,75.91,20.43,36.27,8.8,Ntcheu,4.88,1.97,1262.1671377084035
1985,75.68,20.24,36.73,5.41,Ntcheu,3.92,2.03,1173.8276520756544
1986,75.89,20.07,35.79,7.23,Ntcheu,4.53,1.86,944.5327455188816
1987,68.12,21.51,38.28,7.42,Ntcheu,2.78,2.06,1105.2181457610313
1988,71.31,21.26,37.6,8.0,Ntcheu,3.24,2.03,1150.4666126901607
1989,74.52,20.55,37.39,7.95,Ntcheu,4.1,2.18,1080.0204085882672
1990,66.57,21.64,39.12,8.7,Ntcheu,2.16,2.17,931.7178301093356
1991,67.45,21.3,36.01,7.94,Ntcheu,3.09,2.05,1029.7774634316347
1992,58.55,22.7,39.06,7.85,Ntcheu,1.81,2.2,203.98616837881707
1993,67.1,21.66,37.97,8.99,Ntcheu,2.4,2.01,1271.410109585299
1994,63.07,21.58,40.41,7.13,Ntcheu,2.25,2.24,547.2149401367531
1995,64.47,21.9,38.64,7.4,Ntcheu,2.83,2.19,1198.0094625122545
1996,70.6,21.06,38.48,7.09,Ntcheu,3.45,2.13,1611.1892180152227
1997,76.01,20.66,39.64,8.9,Ntcheu,3.63,2.04,979.1109514495935
1998,63.48,22.35,37.85,8.78,Ntcheu,2.29,2.26,1015.1382929726323
1999,76.05,20.58,36.97,6.86,Ntcheu,3.4,2.1,1563.900974830644
2000,70.49,21.45,36.82,9.27,Ntcheu,2.88,2.04,
2001,70.49,21.32,36.94,8.57,Ntcheu,2.96,2.04,
2002,66.08,21.92,38.02,9.08,Ntcheu,2.26,2.11,
2003,70.23,21.48,39.59,8.52,Ntcheu,2.9,2.07,1061.8503049146639
2004,72.3,21.3,38.34,8.28,Ntcheu,3.31,2.1,858.0212146813104
2005,66.53,22.02,38.48,8.18,Ntcheu,2.31,2.07,763.0670611439842
2006,71.57,21.36,39.33,7.51,Ntcheu,2.72,2.01,1163.078149920255
2007,69.18,21.77,37.81,9.03,Ntcheu,3.3,2.08,1647.2667563684463
2008,66.65,21.62,38.49,8.0,Ntcheu,2.49,1.98,1396.5741884757947
2009,67.44,21.85,37.89,9.36,Ntcheu,2.42,1.99,1770.0143583440415
2010,70.51,21.84,38.43,7.93,Ntcheu,3.79,2.03,1869.2758930174118
2011,70.7,21.22,40.29,7.97,Ntcheu,2.47,1.95,1762.5150401253989
2012,67.75,21.76,39.11,6.83,Ntcheu,2.9,2.0,1519.3094148595176
2013,71.48,21.14,39.96,8.38,Ntcheu,3.25,2.1,1628.21419052806
2014,69.52,21.62,38.49,9.2,Ntcheu,2.71,2.06,1768.1994875676935
2015,68.97,21.75,40.71,8.73,Ntcheu,4.01,2.0,1119.8848777514709
2016,64.12,22.68,39.08,9.4,Ntcheu,3.27,2.07,1037.9194489426557
2017,73.26,21.37,39.41,8.42,Ntcheu,4.94,1.93,1588.0293371839123
2018,72.08,21.48,39.01,8.22,Ntcheu,4.03,2.04,1144.4697197521582
2019,75.47,21.27,39.59,7.36,Ntcheu,4.68,1.98,1364.8979439677505
2020,69.0,21.94,39.87,8.8,Ntcheu,3.79,2.03,1132.0273784482831
2021,70.91,21.58,39.51,8.39,Ntcheu,3.64,2.02,1706.5519313402037
2022,74.95,21.12,36.6,8.47,Ntcheu,6.13,1.96,1405.0092402346218
2023,72.42,21.87,40.2,8.15,Ntcheu,5.01,1.94,1117.8967015142593
2024,69.73,21.96,37.84,8.92,Ntcheu,3.92,1.96,
2025,73.07,21.51,37.94,7.66,Ntcheu,4.97,1.86,
1981,71.71,20.47,39.49,6.98,Dedza,2.65,2.49,
1982,74.74,20.27,36.02,7.1,Dedza,4.69,2.38,
1983,65.85,22.19,38.09,8.2,Dedza,3.86,2.35,
1984,75.91,20.43,36.27,8.8,Dedza,4.47,2.37,1075.3221010901884
1985,75.68,20.24,36.73,5.41,Dedza,3.96,2.4,977.4372939359794
1986,75.89,20.07,35.79,7.23,Dedza,4.59,2.36,1031.1705064368823
1987,68.12,21.51,38.28,7.42,Dedza,3.24,2.31,1007.0679754435022
1988,71.31,21.26,37.6,8.0,Dedza,3.58,2.46,1040.5799433878312
1989,74.52,20.55,37.39,7.95,Dedza,4.45,2.42,856.9143436786766
1990,66.57,21.64,39.12,8.7,Dedza,2.9,2.48,695.1474142097633
1991,67.45,21.3,36.01,7.94,Dedza,3.35,2.39,1051.8104972733752
1992,58.55,22.7,39.06,7.85,Dedza,2.86,2.41,524.0955427676065
1993,67.1,21.66,37.97,8.99,Dedza,3.89,2.39,1481.186689444431
1994,63.07,21.58,40.41,7.13,Dedza,2.67,2.48,814.45203491617
1995,64.47,21.9,38.64,7.4,Dedza,2.88,2.49,945.2767339051695
1996,70.6,21.06,38.48,7.09,Dedza,3.38,2.41,1383.2841516718067
1997,76.01,20.66,39.64,8.9,Dedza,2.9,2.52,872.9470789487631
1998,63.48,22.35,37.85,8.78,Dedza,2.12,2.63,1166.5075338557408
1999,76.05,20.58,36.97,6.86,Dedza,3.32,2.56,1306.090641384759
2000,70.49,21.45,36.82,9.27,Dedza,2.6,2.46,1272.9751260181026
2001,70.49,21.32,36.94,8.57,Dedza,2.8,2.39,911.1467824937444
2002,66.08,21.92,38.02,9.08,Dedza,2.6,2.42,1121.3297232250302
2003,70.23,21.48,39.59,8.52,Dedza,2.89,2.25,1043.3836870119585
2004,72.3,21.3,38.34,8.28,Dedza,3.51,2.4,809.3491510666087
2005,66.53,22.02,38.48,8.18,Dedza,1.88,2.38,797.1484545058772
2006,71.57,21.36,39.33,7.51,Dedza,2.93,2.31,996.7658700043199
2007,69.18,21.77,37.81,9.03,Dedza,2.77,2.36,1378.3119428176576
2008,66.65,21.62,38.49,8.0,Dedza,2.56,2.29,1307.5443083818104
2009,67.44,21.85,37.89,9.36,Dedza,2.83,2.23,1706.4718409251293
2010,70.51,21.84,38.43,7.93,Dedza,3.25,2.4,1708.4832832605864
2011,70.7,21.22,40.29,7.97,Dedza,2.61,2.16,1920.756559154434
2012,67.75,21.76,39.11,6.83,Dedza,3.07,2.22,1919.9491595291531
2013,71.48,21.14,39.96,8.38,Dedza,3.37,2.31,1815.4234087812806
2014,69.52,21.62,38.49,9.2,Dedza,3.68,2.29,2058.936170212766
2015,68.97,21.75,40.71,8.73,Dedza,1.75,2.37,1711.4056060842715
2016,64.12,22.68,39.08,9.4,Dedza,2.27,2.4,1604.1105362294652
2017,73.26,21.37,39.41,8.42,Dedza,2.7,2.42,1866.2450943601787
2018,72.08,21.48,39.01,8.22,Dedza,3.36,2.39,2210.16627762216
2019,75.47,21.27,39.59,7.36,Dedza,3.62,2.32,1829.8048922680787
2020,69.0,21.94,39.87,8.8,Dedza,3.93,2.33,2013.5356897615252
2021,70.91,21.58,39.51,8.39,Dedza,3.07,2.39,2417.9030189329405
2022,74.95,21.12,36.6,8.47,Dedza,4.48,2.23,2142.550075136482
2023,72.42,21.87,40.2,8.15,Dedza,3.3,2.26,2119.2710637536825
2024,69.73,21.96,37.84,8.92,Dedza,4.22,2.29,
2025,73.07,21.51,37.94,7.66,Dedza,2.89,2.42,
1981,71.71,20.47,39.49,6.98,Dedza,2.65,2.49,
1982,74.74,20.27,36.02,7.1,Dedza,4.69,2.38,
1983,65.85,22.19,38.09,8.2,Dedza,3.86,2.35,
1984,75.91,20.43,36.27,8.8,Dedza,4.47,2.37,1075.3221010901884
1985,75.68,20.24,36.73,5.41,Dedza,3.96,2.4,977.4372939359794
1986,75.89,20.07,35.79,7.23,Dedza,4.59,2.36,1031.1705064368823
1987,68.12,21.51,38.28,7.42,Dedza,3.24,2.31,1007.0679754435022
1988,71.31,21.26,37.6,8.0,Dedza,3.58,2.46,1040.5799433878312
1989,74.52,20.55,37.39,7.95,Dedza,4.45,2.42,856.9143436786766
1990,66.57,21.64,39.12,8.7,Dedza,2.9,2.48,695.1474142097633
1991,67.45,21.3,36.01,7.94,Dedza,3.35,2.39,1051.8104972733752
1992,58.55,22.7,39.06,7.85,Dedza,2.86,2.41,524.0955427676065
1993,67.1,21.66,37.97,8.99,Dedza,3.89,2.39,1481.186689444431
1994,63.07,21.58,40.41,7.13,Dedza,2.67,2.48,814.45203491617
1995,64.47,21.9,38.64,7.4,Dedza,2.88,2.49,945.2767339051695
1996,70.6,21.06,38.48,7.09,Dedza,3.38,2.41,1383.2841516718067
1997,76.01,20.66,39.64,8.9,Dedza,2.9,2.52,872.9470789487631
1998,63.48,22.35,37.85,8.78,Dedza,2.12,2.63,1166.5075338557408
1999,76.05,20.58,36.97,6.86,Dedza,3.32,2.56,1306.090641384759
2000,70.49,21.45,36.82,9.27,Dedza,2.6,2.46,1272.9751260181026
2001,70.49,21.32,36.94,8.57,Dedza,2.8,2.39,911.1467824937444
2002,66.08,21.92,38.02,9.08,Dedza,2.6,2.42,1121.3297232250302
2003,70.23,21.48,39.59,8.52,Dedza,2.89,2.25,1043.3836870119585
2004,72.3,21.3,38.34,8.28,Dedza,3.51,2.4,809.3491510666087
2005,66.53,22.02,38.48,8.18,Dedza,1.88,2.38,797.1484545058772
2006,71.57,21.36,39.33,7.51,Dedza,2.93,2.31,996.7658700043199
2007,69.18,21.77,37.81,9.03,Dedza,2.77,2.36,1378.3119428176576
2008,66.65,21.62,38.49,8.0,Dedza,2.56,2.29,1307.5443083818104
2009,67.44,21.85,37.89,9.36,Dedza,2.83,2.23,1706.4718409251293
2010,70.51,21.84,38.43,7.93,Dedza,3.25,2.4,1708.4832832605864
2011,70.7,21.22,40.29,7.97,Dedza,2.61,2.16,1920.756559154434
2012,67.75,21.76,39.11,6.83,Dedza,3.07,2.22,1919.9491595291531
2013,71.48,21.14,39.96,8.38,Dedza,3.37,2.31,1815.4234087812806
2014,69.52,21.62,38.49,9.2,Dedza,3.68,2.29,2058.936170212766
2015,68.97,21.75,40.71,8.73,Dedza,1.75,2.37,1711.4056060842715
2016,64.12,22.68,39.08,9.4,Dedza,2.27,2.4,1604.1105362294652
2017,73.26,21.37,39.41,8.42,Dedza,2.7,2.42,1866.2450943601787
2018,72.08,21.48,39.01,8.22,Dedza,3.36,2.39,2210.16627762216
2019,75.47,21.27,39.59,7.36,Dedza,3.62,2.32,1829.8048922680787
2020,69.0,21.94,39.87,8.8,Dedza,3.93,2.33,2013.5356897615252
2021,70.91,21.58,39.51,8.39,Dedza,3.07,2.39,2417.9030189329405
2022,74.95,21.12,36.6,8.47,Dedza,4.48,2.23,2142.550075136482
2023,72.42,21.87,40.2,8.15,Dedza,3.3,2.26,2119.2710637536825
2024,69.73,21.96,37.84,8.92,Dedza,4.22,2.29,
2025,73.07,21.51,37.94,7.66,Dedza,2.89,2.42,
1981,66.77,22.75,41.87,8.32,Chikwawa,3.03,2.08,
1982,69.34,22.57,38.49,9.28,Chikwawa,4.06,1.9,
1983,63.15,24.14,39.56,9.63,Chikwawa,2.85,2.1,
1984,70.46,22.78,39.5,10.42,Chikwawa,4.88,1.97,800.0
1985,69.87,22.63,39.61,8.85,Chikwawa,3.92,2.03,1000.0
1986,69.38,22.54,39.31,9.58,Chikwawa,4.53,1.86,1000.0
1987,63.58,23.81,41.29,10.13,Chikwawa,2.78,2.06,709.324452901998
1988,67.33,23.39,39.29,10.34,Chikwawa,3.24,2.03,1021.8034161627754
1989,67.71,23.08,40.08,10.61,Chikwawa,4.1,2.18,663.310435682695
1990,60.97,24.04,41.05,10.56,Chikwawa,2.16,2.17,847.370312687193
1991,64.44,23.32,38.36,10.35,Chikwawa,3.09,2.05,
1992,55.24,24.9,40.41,9.57,Chikwawa,1.81,2.2,162.5748137290827
1993,62.18,23.96,39.81,10.54,Chikwawa,2.4,2.01,897.1684053651267
1994,59.18,23.79,41.9,10.17,Chikwawa,2.25,2.24,670.0516587770816
1995,62.54,23.83,39.96,9.67,Chikwawa,2.83,2.19,326.0904170646291
1996,66.65,23.22,40.37,9.76,Chikwawa,3.45,2.13,1301.3813311008792
1997,70.32,23.0,41.77,10.73,Chikwawa,3.63,2.04,754.9116821566024
1998,60.84,24.38,40.08,11.0,Chikwawa,2.29,2.26,1375.2677143977555
1999,71.31,22.81,40.22,9.04,Chikwawa,3.4,2.1,1292.8040847084878
2000,65.28,23.81,39.4,10.54,Chikwawa,2.88,2.04,1350.3461381837926
2001,65.1,23.73,39.53,10.4,Chikwawa,2.96,2.04,1015.5933738148503
2002,62.68,24.0,40.13,11.12,Chikwawa,2.26,2.11,1022.9140002477188
2003,65.7,23.73,41.17,10.71,Chikwawa,2.9,2.07,1141.4793910521955
2004,69.48,23.23,40.15,10.53,Chikwawa,3.31,2.1,394.01377910877636
2005,61.54,24.39,40.39,10.31,Chikwawa,2.31,2.07,383.0792089715923
2006,66.34,23.7,41.6,10.72,Chikwawa,2.72,2.01,796.316384180791
2007,68.05,23.52,40.67,10.53,Chikwawa,3.3,2.08,918.8005564428872
2008,63.79,23.64,40.73,10.04,Chikwawa,2.49,1.98,1093.9734735040645
2009,65.42,23.7,40.41,10.61,Chikwawa,2.42,1.99,471.0359553657529
2010,66.71,23.99,41.11,9.89,Chikwawa,3.79,2.03,150.30171848353666
2011,66.07,23.47,43.02,10.1,Chikwawa,2.47,1.95,603.5959740725058
2012,63.51,23.96,41.1,9.83,Chikwawa,2.9,2.0,669.6955738871907
2013,66.98,23.3,41.56,10.69,Chikwawa,3.25,2.1,886.9026422619471
2014,65.23,23.78,41.35,10.67,Chikwawa,2.71,2.06,1214.2811460731643
2015,65.22,23.89,42.34,11.0,Chikwawa,4.01,2.0,821.4222379854584
2016,62.22,24.57,41.26,10.93,Chikwawa,3.27,2.07,107.95626170482691
2017,69.06,23.48,41.92,11.0,Chikwawa,4.94,1.93,661.8850729896212
2018,71.32,23.08,40.87,10.34,Chikwawa,4.03,2.04,458.44234252364663
2019,70.31,23.55,42.38,9.95,Chikwawa,4.68,1.98,1250.8103025954424
2020,66.74,23.82,43.15,9.48,Chikwawa,3.79,2.03,1390.6543016415342
2021,67.52,23.65,42.11,9.94,Chikwawa,3.64,2.02,1302.516202821197
2022,72.11,23.05,39.98,10.22,Chikwawa,6.13,1.96,1083.2555197445706
2023,69.1,23.84,41.99,10.56,Chikwawa,5.01,1.94,1328.0405650126766
2024,67.85,23.77,40.51,10.37,Chikwawa,3.92,1.96,
2025,71.33,23.33,41.28,9.31,Chikwawa,4.97,1.86,
1981,64.25,25.15,45.01,10.15,Nsanje,3.03,2.08,
1982,66.55,24.99,43.58,11.34,Nsanje,4.06,1.9,
1983,61.8,26.35,43.3,11.88,Nsanje,2.85,2.1,
1984,65.77,25.53,42.79,12.41,Nsanje,4.88,1.97,700.0
1985,67.26,25.11,42.12,11.56,Nsanje,3.92,2.03,900.0
1986,66.53,24.93,42.41,11.48,Nsanje,4.53,1.86,1000.0
1987,60.48,26.36,44.76,12.4,Nsanje,2.78,2.06,609.8784255506962
1988,66.04,25.61,43.82,11.55,Nsanje,3.24,2.03,853.1538269758165
1989,64.63,25.53,43.27,12.41,Nsanje,4.1,2.18,630.9725516773975
1990,60.64,26.25,44.21,12.04,Nsanje,2.16,2.17,726.0155574762316
1991,61.83,25.81,42.17,12.16,Nsanje,3.09,2.05,976.511744127936
1992,54.07,27.36,44.67,12.08,Nsanje,1.81,2.2,249.29071306979384
1993,61.28,26.21,42.33,12.83,Nsanje,2.4,2.01,967.2059783791627
1994,57.6,26.06,46.43,11.61,Nsanje,2.25,2.24,551.9587628865979
1995,60.45,26.31,43.92,11.56,Nsanje,2.83,2.19,541.2800860562055
1996,64.33,25.59,43.45,11.57,Nsanje,3.45,2.13,924.0514905149051
1997,68.25,25.22,44.39,12.38,Nsanje,3.63,2.04,658.1874915208249
1998,61.09,26.48,44.17,12.88,Nsanje,2.29,2.26,850.7966893755982
1999,68.04,25.19,42.63,12.17,Nsanje,3.4,2.1,1319.0143190143192
2000,62.93,26.18,42.31,12.33,Nsanje,2.88,2.04,1271.67699863135
2001,64.17,25.94,43.92,11.89,Nsanje,2.96,2.04,1056.4030092688809
2002,60.71,26.34,43.95,12.74,Nsanje,2.26,2.11,1036.4158481771267
2003,62.93,26.17,45.09,12.46,Nsanje,2.9,2.07,1036.8396352909629
2004,66.64,25.65,44.2,11.66,Nsanje,3.31,2.1,736.0526408886687
2005,60.64,26.71,44.2,11.11,Nsanje,2.31,2.07,502.01967400085533
2006,63.8,26.06,44.91,11.88,Nsanje,2.72,2.01,756.5386942782222
2007,66.89,25.69,44.03,11.83,Nsanje,3.3,2.08,1115.0356733902934
2008,61.75,26.05,44.91,11.95,Nsanje,2.49,1.98,1222.6636724822938
2009,63.49,26.02,43.16,12.44,Nsanje,2.42,1.99,905.992649434572
2010,63.84,26.49,44.84,11.9,Nsanje,3.79,2.03,119.4641180988139
2011,64.05,25.79,46.01,9.53,Nsanje,2.47,1.95,882.3323103901798
2012,61.54,26.31,45.11,11.71,Nsanje,2.9,2.0,593.0827818703957
2013,64.85,25.61,45.63,11.98,Nsanje,3.25,2.1,1067.8766782695177
2014,64.75,25.91,44.47,12.38,Nsanje,2.71,2.06,1225.9039516399866
2015,60.47,26.66,46.09,13.32,Nsanje,4.01,2.0,800.0
2016,60.22,27.01,44.99,12.68,Nsanje,3.27,2.07,30.524071372461
2017,65.46,26.0,45.89,13.18,Nsanje,4.94,1.93,402.6373190561174
2018,67.43,25.68,44.58,12.31,Nsanje,4.03,2.04,711.9535444286183
2019,66.29,26.11,45.59,12.06,Nsanje,4.68,1.98,681.3926580414432
2020,63.63,26.27,46.37,11.9,Nsanje,3.79,2.03,897.3223698081383
2021,62.68,26.38,45.72,12.35,Nsanje,3.64,2.02,1947.775969026354
2022,67.53,25.78,43.67,11.88,Nsanje,6.13,1.96,1936.3187824050844
2023,65.43,26.3,45.75,12.62,Nsanje,5.01,1.94,2057.9110219100185
2024,62.84,26.67,45.09,11.42,Nsanje,3.92,1.96,
2025,67.15,26.0,44.91,11.65,Nsanje,4.97,1.86,
1981,66.77,22.75,41.87,8.32,Thyolo,3.03,2.08,
1982,69.34,22.57,38.49,9.28,Thyolo,4.06,1.9,
1983,63.15,24.14,39.56,9.63,Thyolo,2.85,2.1,
1984,70.46,22.78,39.5,10.42,Thyolo,4.88,1.97,
1985,69.87,22.63,39.61,8.85,Thyolo,3.92,2.03,
1986,69.38,22.54,39.31,9.58,Thyolo,4.53,1.86,
1987,63.58,23.81,41.29,10.13,Thyolo,2.78,2.06,
1988,67.33,23.39,39.29,10.34,Thyolo,3.24,2.03,
1989,67.71,23.08,40.08,10.61,Thyolo,4.1,2.18,
1990,60.97,24.04,41.05,10.56,Thyolo,2.16,2.17,
1991,64.44,23.32,38.36,10.35,Thyolo,3.09,2.05,
1992,55.24,24.9,40.41,9.57,Thyolo,1.81,2.2,
1993,62.18,23.96,39.81,10.54,Thyolo,2.4,2.01,
1994,59.18,23.79,41.9,10.17,Thyolo,2.25,2.24,
1995,62.54,23.83,39.96,9.67,Thyolo,2.83,2.19,
1996,66.65,23.22,40.37,9.76,Thyolo,3.45,2.13,
1997,70.32,23.0,41.77,10.73,Thyolo,3.63,2.04,
1998,60.84,24.38,40.08,11.0,Thyolo,2.29,2.26,
1999,71.31,22.81,40.22,9.04,Thyolo,3.4,2.1,1530.6680334871005
2000,65.28,23.81,39.4,10.54,Thyolo,2.88,2.04,1695.8923443811748
2001,65.1,23.73,39.53,10.4,Thyolo,2.96,2.04,956.398398016592
2002,62.68,24.0,40.13,11.12,Thyolo,2.26,2.11,1040.5660741140632
2003,65.7,23.73,41.17,10.71,Thyolo,2.9,2.07,1624.2417383431418
2004,69.48,23.23,40.15,10.53,Thyolo,3.31,2.1,991.5239272470421
2005,61.54,24.39,40.39,10.31,Thyolo,2.31,2.07,849.7938144329897
2006,66.34,23.7,41.6,10.72,Thyolo,2.72,2.01,1792.0246525581113
2007,68.05,23.52,40.67,10.53,Thyolo,3.3,2.08,2302.915972626382
2008,63.79,23.64,40.73,10.04,Thyolo,2.49,1.98,1945.6564363996615
2009,65.42,23.7,40.41,10.61,Thyolo,2.42,1.99,3057.4255341543
2010,66.71,23.99,41.11,9.89,Thyolo,3.79,2.03,1595.8605428156118
2011,66.07,23.47,43.02,10.1,Thyolo,2.47,1.95,2622.796836041613
2012,63.51,23.96,41.1,9.83,Thyolo,2.9,2.0,2037.100705022195
2013,66.98,23.3,41.56,10.69,Thyolo,3.25,2.1,2576.9286769141167
2014,65.23,23.78,41.35,10.67,Thyolo,2.71,2.06,2642.6419656946127
2015,65.22,23.89,42.34,11.0,Thyolo,4.01,2.0,1834.2718900567202
2016,62.22,24.57,41.26,10.93,Thyolo,3.27,2.07,1024.476172816614
2017,69.06,23.48,41.92,11.0,Thyolo,4.94,1.93,2240.658775090067
2018,71.32,23.08,40.87,10.34,Thyolo,4.03,2.04,1937.970112328166
2019,70.31,23.55,42.38,9.95,Thyolo,4.68,1.98,2202.716347581619
2020,66.74,23.82,43.15,9.48,Thyolo,3.79,2.03,2546.726313104558
2021,67.52,23.65,42.11,9.94,Thyolo,3.64,2.02,2667.055930074137
2022,72.11,23.05,39.98,10.22,Thyolo,6.13,1.96,2083.379084388559
2023,69.1,23.84,41.99,10.56,Thyolo,5.01,1.94,5570.0
2024,67.85,23.77,40.51,10.37,Thyolo,3.92,1.96,
2025,71.33,23.33,41.28,9.31,Thyolo,4.97,1.86,
1981,76.04,19.77,38.26,5.32,Mulanje,3.03,2.08,
1982,76.86,19.91,35.08,7.71,Mulanje,4.06,1.9,
1983,73.76,20.98,34.96,8.35,Mulanje,2.85,2.1,
1984,77.86,19.98,35.72,8.03,Mulanje,4.88,1.97,1086.5443425076453
1985,77.78,19.84,35.03,6.78,Mulanje,3.92,2.03,824.6198126986856
1986,76.76,19.84,36.25,7.5,Mulanje,4.53,1.86,909.0305444887118
1987,73.34,20.65,37.53,7.09,Mulanje,2.78,2.06,810.3685003100362
1988,75.95,20.48,35.79,7.68,Mulanje,3.24,2.03,1119.9840552750463
1989,74.16,20.41,36.84,7.98,Mulanje,4.1,2.18,
1990,69.3,21.17,37.7,7.71,Mulanje,2.16,2.17,972.2738949419788
1991,73.92,20.33,34.41,7.29,Mulanje,3.09,2.05,836.1770009710085
1992,65.26,21.73,36.88,7.91,Mulanje,1.81,2.2,223.40286262873104
1993,70.76,21.07,36.18,8.37,Mulanje,2.4,2.01,812.9190363896981
1994,68.64,20.83,38.41,7.17,Mulanje,2.25,2.24,808.7290393355273
1995,72.33,20.75,36.43,7.74,Mulanje,2.83,2.19,719.8965071151358
1996,74.48,20.39,37.48,6.68,Mulanje,3.45,2.13,1310.6461589555179
1997,76.55,20.48,37.95,8.14,Mulanje,3.63,2.04,706.4783737572035
1998,70.11,21.43,36.62,8.48,Mulanje,2.29,2.26,1229.4840501641274
1999,78.88,20.12,36.59,9.11,Mulanje,3.4,2.1,1080.844726189567
2000,72.78,21.13,36.1,8.28,Mulanje,2.88,2.04,1340.5045198893695
2001,70.74,21.24,37.0,8.01,Mulanje,2.96,2.04,1135.6326979335531
2002,72.89,20.91,36.98,9.43,Mulanje,2.26,2.11,998.7340398596592
2003,72.9,21.07,37.4,8.7,Mulanje,2.9,2.07,968.8472437112111
2004,77.73,20.45,36.36,8.84,Mulanje,3.31,2.1,382.346626066249
2005,69.56,21.57,37.36,8.48,Mulanje,2.31,2.07,280.9373858278676
2006,73.32,21.07,37.84,7.94,Mulanje,2.72,2.01,1332.8482941696982
2007,76.0,20.72,36.86,7.94,Mulanje,3.3,2.08,1501.3725746512541
2008,72.06,20.78,38.46,8.02,Mulanje,2.49,1.98,1407.32550584212
2009,73.87,20.83,37.16,8.38,Mulanje,2.42,1.99,2678.5813040352464
2010,73.97,21.26,37.8,8.08,Mulanje,3.79,2.03,1363.6750771851378
2011,73.3,20.86,39.08,8.63,Mulanje,2.47,1.95,2529.088626137909
2012,71.05,21.2,37.57,7.23,Mulanje,2.9,2.0,1711.1820976522918
2013,74.06,20.61,37.39,8.61,Mulanje,3.25,2.1,2485.66860220483
2014,72.27,21.12,38.1,8.72,Mulanje,2.71,2.06,2296.222061275707
2015,72.07,21.22,38.87,8.57,Mulanje,4.01,2.0,1179.4757489300998
2016,69.91,21.77,38.64,8.7,Mulanje,3.27,2.07,803.5208944599732
2017,74.94,20.98,38.57,9.24,Mulanje,4.94,1.93,1843.990265923679
2018,78.57,20.36,36.79,8.46,Mulanje,4.03,2.04,1219.1663760027905
2019,75.57,21.12,38.67,8.21,Mulanje,4.68,1.98,2038.0726779614467
2020,73.94,21.12,39.68,7.37,Mulanje,3.79,2.03,2092.120960630738
2021,74.7,20.94,38.58,7.99,Mulanje,3.64,2.02,2245.058861648126
2022,78.01,20.48,36.26,9.15,Mulanje,6.13,1.96,1065.5502392344497
2023,75.75,21.16,38.06,8.76,Mulanje,5.01,1.94,962.8719808754431
2024,76.39,20.89,35.75,7.88,Mulanje,3.92,1.96,
2025,77.71,20.75,37.7,7.04,Mulanje,4.97,1.86,
1981,66.77,22.75,41.87,8.32,Chiradzulu,3.03,2.08,
1982,69.34,22.57,38.49,9.28,Chiradzulu,4.06,1.9,
1983,63.15,24.14,39.56,9.63,Chiradzulu,2.85,2.1,
1984,70.46,22.78,39.5,10.42,Chiradzulu,4.88,1.97,
1985,69.87,22.63,39.61,8.85,Chiradzulu,3.92,2.03,
1986,69.38,22.54,39.31,9.58,Chiradzulu,4.53,1.86,
1987,63.58,23.81,41.29,10.13,Chiradzulu,2.78,2.06,
1988,67.33,23.39,39.29,10.34,Chiradzulu,3.24,2.03,
1989,67.71,23.08,40.08,10.61,Chiradzulu,4.1,2.18,
1990,60.97,24.04,41.05,10.56,Chiradzulu,2.16,2.17,
1991,64.44,23.32,38.36,10.35,Chiradzulu,3.09,2.05,
1992,55.24,24.9,40.41,9.57,Chiradzulu,1.81,2.2,
1993,62.18,23.96,39.81,10.54,Chiradzulu,2.4,2.01,
1994,59.18,23.79,41.9,10.17,Chiradzulu,2.25,2.24,
1995,62.54,23.83,39.96,9.67,Chiradzulu,2.83,2.19,
1996,66.65,23.22,40.37,9.76,Chiradzulu,3.45,2.13,
1997,70.32,23.0,41.77,10.73,Chiradzulu,3.63,2.04,
1998,60.84,24.38,40.08,11.0,Chiradzulu,2.29,2.26,
1999,71.31,22.81,40.22,9.04,Chiradzulu,3.4,2.1,
2000,65.28,23.81,39.4,10.54,Chiradzulu,2.88,2.04,
2001,65.1,23.73,39.53,10.4,Chiradzulu,2.96,2.04,
2002,62.68,24.0,40.13,11.12,Chiradzulu,2.26,2.11,888.3960776979186
2003,65.7,23.73,41.17,10.71,Chiradzulu,2.9,2.07,1475.6307629952375
2004,69.48,23.23,40.15,10.53,Chiradzulu,3.31,2.1,545.5077283083933
2005,61.54,24.39,40.39,10.31,Chiradzulu,2.31,2.07,618.2187823233585
2006,66.34,23.7,41.6,10.72,Chiradzulu,2.72,2.01,1115.243375576037
2007,68.05,23.52,40.67,10.53,Chiradzulu,3.3,2.08,1314.918918918919
2008,63.79,23.64,40.73,10.04,Chiradzulu,2.49,1.98,1213.4747215081404
2009,65.42,23.7,40.41,10.61,Chiradzulu,2.42,1.99,2055.7729218957625
2010,66.71,23.99,41.11,9.89,Chiradzulu,3.79,2.03,1180.5431958139038
2011,66.07,23.47,43.02,10.1,Chiradzulu,2.47,1.95,1639.9288815946936
2012,63.51,23.96,41.1,9.83,Chiradzulu,2.9,2.0,1582.3859881031065
2013,66.98,23.3,41.56,10.69,Chiradzulu,3.25,2.1,1144.4742044512468
2014,65.23,23.78,41.35,10.67,Chiradzulu,2.71,2.06,1987.6539311651404
2015,65.22,23.89,42.34,11.0,Chiradzulu,4.01,2.0,1144.4742044512468
2016,62.22,24.57,41.26,10.93,Chiradzulu,3.27,2.07,1034.5904931934836
2017,69.06,23.48,41.92,11.0,Chiradzulu,4.94,1.93,2118.4235699253873
2018,71.32,23.08,40.87,10.34,Chiradzulu,4.03,2.04,1095.0544898349372
2019,70.31,23.55,42.38,9.95,Chiradzulu,4.68,1.98,1905.2875313223585
2020,66.74,23.82,43.15,9.48,Chiradzulu,3.79,2.03,2134.1490615938565
2021,67.52,23.65,42.11,9.94,Chiradzulu,3.64,2.02,2514.8584544758987
2022,72.11,23.05,39.98,10.22,Chiradzulu,6.13,1.96,1820.385105995262
2023,69.1,23.84,41.99,10.56,Chiradzulu,5.01,1.94,1301.4487426873718
2024,67.85,23.77,40.51,10.37,Chiradzulu,3.92,1.96,
2025,71.33,23.33,41.28,9.31,Chiradzulu,4.97,1.86,
1981,69.41,21.85,40.33,7.72,Zomba,3.03,2.08,
1982,72.89,21.64,37.16,8.0,Zomba,4.06,1.9,
1983,64.9,23.47,37.99,8.99,Zomba,2.85,2.1,
1984,74.71,21.64,37.25,8.71,Zomba,4.88,1.97,917.8082191780821
1985,74.06,21.53,38.07,7.85,Zomba,3.92,2.03,922.4948875255624
1986,73.96,21.46,37.06,8.38,Zomba,4.53,1.86,699.6433289299868
1987,67.84,22.7,39.23,8.61,Zomba,2.78,2.06,739.8078421189302
1988,69.28,22.64,37.76,9.51,Zomba,3.24,2.03,877.2790754289083
1989,71.76,22.01,38.64,9.25,Zomba,4.1,2.18,811.4364018780939
1990,63.03,23.25,39.76,9.5,Zomba,2.16,2.17,1048.421483331898
1991,67.23,22.46,37.29,8.38,Zomba,3.09,2.05,1074.687317737023
1992,58.02,23.97,39.1,8.15,Zomba,1.81,2.2,228.83967526371015
1993,64.29,23.19,38.22,9.68,Zomba,2.4,2.01,1242.45384389958
1994,60.59,23.13,40.16,9.45,Zomba,2.25,2.24,578.1599957134437
1995,63.56,23.17,38.53,8.77,Zomba,2.83,2.19,1029.7365147071891
1996,69.57,22.3,39.26,8.61,Zomba,3.45,2.13,1172.214445847985
1997,73.73,22.08,40.44,9.04,Zomba,3.63,2.04,873.5262136750313
1998,61.23,23.82,38.28,10.05,Zomba,2.29,2.26,1037.161336916002
1999,74.02,21.98,38.39,8.06,Zomba,3.4,2.1,1496.064119078288
2000,67.0,23.05,37.92,9.6,Zomba,2.88,2.04,1403.0803639505928
2001,66.8,22.9,38.26,9.17,Zomba,2.96,2.04,1028.1869021037755
2002,65.56,23.15,38.91,10.28,Zomba,2.26,2.11,1053.6463052318843
2003,67.62,22.95,39.36,8.93,Zomba,2.9,2.07,1478.9945508876783
2004,70.76,22.58,39.02,9.94,Zomba,3.31,2.1,678.5913634749072
2005,62.99,23.65,39.29,10.29,Zomba,2.31,2.07,715.2885922630084
2006,68.21,22.93,40.15,9.05,Zomba,2.72,2.01,1510.7483877418383
2007,68.66,22.96,39.3,9.79,Zomba,3.3,2.08,1972.3426188412247
2008,66.28,22.77,39.95,9.17,Zomba,2.49,1.98,1421.2408535868058
2009,66.73,23.04,39.48,9.42,Zomba,2.42,1.99,1897.0976571449244
2010,67.85,23.29,39.33,9.34,Zomba,3.79,2.03,1408.2737862466968
2011,69.02,22.63,41.48,8.43,Zomba,2.47,1.95,1572.9239357990227
2012,65.35,23.24,39.71,8.94,Zomba,2.9,2.0,1161.2089122016996
2013,69.73,22.43,40.18,10.05,Zomba,3.25,2.1,1647.7330486937071
2014,66.19,23.19,40.06,10.23,Zomba,2.71,2.06,1950.2483543997091
2015,69.66,22.79,40.82,9.95,Zomba,4.01,2.0,1095.030536804886
2016,64.73,23.67,40.14,8.94,Zomba,3.27,2.07,574.609291372297
2017,71.95,22.6,40.04,9.65,Zomba,4.94,1.93,1757.752351766494
2018,74.0,22.26,38.92,8.56,Zomba,4.03,2.04,1084.0545044076541
2019,73.9,22.57,40.59,9.39,Zomba,4.68,1.98,1417.3294754187698
2020,69.85,22.89,41.1,8.58,Zomba,3.79,2.03,1752.1009889086645
2021,70.77,22.7,40.45,8.41,Zomba,3.64,2.02,2001.0383395596089
2022,75.8,22.02,37.9,9.89,Zomba,6.13,1.96,1563.41925314403
2023,73.32,22.82,39.94,9.68,Zomba,5.01,1.94,1273.7414439302493
2024,70.86,22.9,39.1,9.3,Zomba,3.92,1.96,
2025,74.57,22.41,39.25,8.73,Zomba,4.97,1.86,
1981,66.77,22.75,41.87,8.32,Blantyre,3.03,2.08,
1982,69.34,22.57,38.49,9.28,Blantyre,4.06,1.9,
1983,63.15,24.14,39.56,9.63,Blantyre,2.85,2.1,
1984,70.46,22.78,39.5,10.42,Blantyre,4.88,1.97,715.8136586911742
1985,69.87,22.63,39.61,8.85,Blantyre,3.92,2.03,857.3310747223792
1986,69.38,22.54,39.31,9.58,Blantyre,4.53,1.86,962.2001733936999
1987,63.58,23.81,41.29,10.13,Blantyre,2.78,2.06,937.9762399556665
1988,67.33,23.39,39.29,10.34,Blantyre,3.24,2.03,1002.8096031225289
1989,67.71,23.08,40.08,10.61,Blantyre,4.1,2.18,652.4295774647886
1990,60.97,24.04,41.05,10.56,Blantyre,2.16,2.17,712.9198080877312
1991,64.44,23.32,38.36,10.35,Blantyre,3.09,2.05,985.3697749196143
1992,55.24,24.9,40.41,9.57,Blantyre,1.81,2.2,271.5277777777778
1993,62.18,23.96,39.81,10.54,Blantyre,2.4,2.01,1807.7760299982524
1994,59.18,23.79,41.9,10.17,Blantyre,2.25,2.24,934.3362219600681
1995,62.54,23.83,39.96,9.67,Blantyre,2.83,2.19,984.1412809212853
1996,66.65,23.22,40.37,9.76,Blantyre,3.45,2.13,1850.4397948871508
1997,70.32,23.0,41.77,10.73,Blantyre,3.63,2.04,1146.9572108984862
1998,60.84,24.38,40.08,11.0,Blantyre,2.29,2.26,1561.5966646077825
1999,71.31,22.81,40.22,9.04,Blantyre,3.4,2.1,1861.4573116761956
2000,65.28,23.81,39.4,10.54,Blantyre,2.88,2.04,1665.415460146093
2001,65.1,23.73,39.53,10.4,Blantyre,2.96,2.04,1207.3551993460078
2002,62.68,24.0,40.13,11.12,Blantyre,2.26,2.11,1156.188988676298
2003,65.7,23.73,41.17,10.71,Blantyre,2.9,2.07,2407.4854293940034
2004,69.48,23.23,40.15,10.53,Blantyre,3.31,2.1,515.1586695368378
2005,61.54,24.39,40.39,10.31,Blantyre,2.31,2.07,397.91650629923276
2006,66.34,23.7,41.6,10.72,Blantyre,2.72,2.01,2296.180505065193
2007,68.05,23.52,40.67,10.53,Blantyre,3.3,2.08,2142.729576445035
2008,63.79,23.64,40.73,10.04,Blantyre,2.49,1.98,1815.7767459856832
2009,65.42,23.7,40.41,10.61,Blantyre,2.42,1.99,2607.9568702014485
2010,66.71,23.99,41.11,9.89,Blantyre,3.79,2.03,1482.9763352352445
2011,66.07,23.47,43.02,10.1,Blantyre,2.47,1.95,1993.3028571428572
2012,63.51,23.96,41.1,9.83,Blantyre,2.9,2.0,1636.0828987098544
2013,66.98,23.3,41.56,10.69,Blantyre,3.25,2.1,2316.4789755698844
2014,65.23,23.78,41.35,10.67,Blantyre,2.71,2.06,2387.7683799609626
2015,65.22,23.89,42.34,11.0,Blantyre,4.01,2.0,1816.4749318985116
2016,62.22,24.57,41.26,10.93,Blantyre,3.27,2.07,1174.0155204233652
2017,69.06,23.48,41.92,11.0,Blantyre,4.94,1.93,2144.363758239302
2018,71.32,23.08,40.87,10.34,Blantyre,4.03,2.04,1056.7302163046843
2019,70.31,23.55,42.38,9.95,Blantyre,4.68,1.98,2480.8099123602296
2020,66.74,23.82,43.15,9.48,Blantyre,3.79,2.03,2641.580149054409
2021,67.52,23.65,42.11,9.94,Blantyre,3.64,2.02,3351.3105031566865
2022,72.11,23.05,39.98,10.22,Blantyre,6.13,1.96,2081.5172222735246
2023,69.1,23.84,41.99,10.56,Blantyre,5.01,1.94,1708.3005130606946
2024,67.85,23.77,40.51,10.37,Blantyre,3.92,1.96,
2025,71.33,23.33,41.28,9.31,Blantyre,4.97,1.86,
1981,71.56,19.1,35.71,4.32,Dowa,2.65,2.49,
1982,76.71,18.89,32.85,4.88,Dowa,4.69,2.38,
1983,71.51,20.17,35.51,6.13,Dowa,3.86,2.35,
1984,76.08,19.01,32.78,6.58,Dowa,4.47,2.37,1479.2316784869977
1985,76.97,18.66,34.57,3.57,Dowa,3.96,2.4,1495.4401268834258
1986,75.96,18.79,33.64,5.23,Dowa,4.59,2.36,1424.951294183134
1987,71.51,19.72,34.76,5.47,Dowa,3.24,2.31,1387.1869118285797
1988,73.89,19.6,33.4,6.12,Dowa,3.58,2.46,1220.938695241487
1989,76.31,18.99,34.95,6.22,Dowa,4.45,2.42,1549.5566549556654
1990,69.21,19.88,35.07,6.98,Dowa,2.9,2.48,1190.193588883975
1991,69.87,19.73,33.1,5.87,Dowa,3.35,2.39,1251.7869907076483
1992,64.55,20.53,34.55,6.4,Dowa,2.86,2.41,736.0319627268515
1993,73.08,19.51,35.03,6.08,Dowa,3.89,2.39,2367.9328401629123
1994,64.87,20.18,35.72,6.35,Dowa,2.67,2.48,774.0297248182762
1995,66.58,20.24,35.21,6.02,Dowa,2.88,2.49,1474.6326457315074
1996,71.33,19.63,34.83,5.65,Dowa,3.38,2.41,1788.8659582814553
1997,74.2,19.65,35.56,6.74,Dowa,2.9,2.52,1066.094278570378
1998,64.16,20.94,34.44,7.53,Dowa,2.12,2.63,1048.5187255449973
1999,75.77,19.26,34.09,4.95,Dowa,3.32,2.56,1294.9018639674114
2000,70.65,20.01,33.82,7.71,Dowa,2.6,2.46,1570.3405452605025
2001,69.51,20.05,34.08,5.55,Dowa,2.8,2.39,976.735821603152
2002,68.43,20.35,34.8,5.81,Dowa,2.6,2.42,1075.3936433882488
2003,70.57,20.11,34.86,7.18,Dowa,2.89,2.25,1210.2989380825063
2004,72.67,19.9,34.49,7.28,Dowa,3.51,2.4,868.5114696668576
2005,65.98,20.63,35.23,6.91,Dowa,1.88,2.38,979.7902385716922
2006,71.83,19.96,35.17,5.38,Dowa,2.93,2.31,1318.8798554652212
2007,69.81,20.34,35.6,6.98,Dowa,2.77,2.36,1754.40361621464
2008,68.07,20.02,35.45,6.16,Dowa,2.56,2.29,1709.933013775271
2009,70.98,19.94,34.65,6.84,Dowa,2.83,2.23,2420.0056981532803
2010,69.72,20.52,35.53,6.66,Dowa,3.25,2.4,2350.579601579462
2011,70.74,19.98,36.99,6.19,Dowa,2.61,2.16,2525.5168479406693
2012,68.86,20.31,35.07,4.97,Dowa,3.07,2.22,2416.1697013673156
2013,68.41,20.29,35.51,7.41,Dowa,3.37,2.31,1894.7830315105373
2014,70.53,20.23,36.56,7.02,Dowa,3.68,2.29,2444.319119002571
2015,67.98,20.68,36.32,7.41,Dowa,1.75,2.37,1611.2649495118283
2016,66.43,20.93,35.54,7.94,Dowa,2.27,2.4,1415.8167770419425
2017,71.7,20.28,37.03,7.83,Dowa,2.7,2.42,1841.4369231003757
2018,71.05,20.29,35.15,5.41,Dowa,3.36,2.39,1900.8234910551832
2019,73.52,20.19,35.84,5.67,Dowa,3.62,2.32,1982.6389286000206
2020,71.56,20.32,35.16,6.76,Dowa,3.93,2.33,2094.678603092853
2021,72.2,20.03,35.5,6.84,Dowa,3.07,2.39,2605.957594971504
2022,75.12,19.66,34.57,7.01,Dowa,4.48,2.23,2234.3730165926195
2023,74.17,20.36,35.64,6.61,Dowa,3.3,2.26,2424.523518358338
2024,70.23,20.6,34.4,5.97,Dowa,4.22,2.29,
2025,72.29,20.28,34.9,5.95,Dowa,2.89,2.42,
1981,65.17,22.45,35.17,9.44,Karonga,3.4,2.9,
1982,71.07,22.14,33.96,9.32,Karonga,5.28,2.82,
1983,67.54,22.94,36.16,11.45,Karonga,3.64,2.93,1352.4303659202621
1984,70.82,21.74,33.88,11.54,Karonga,5.74,2.87,1301.670146137787
1985,70.08,21.64,35.03,9.93,Karonga,5.32,2.83,902.6625172890733
1986,69.97,21.73,34.23,9.91,Karonga,5.01,2.89,1027.3399358348445
1987,68.42,22.49,34.85,9.93,Karonga,3.92,2.76,923.0034129692832
1988,66.72,22.9,34.71,11.68,Karonga,3.9,2.89,804.7529030515798
1989,70.89,21.8,34.86,10.54,Karonga,4.75,2.83,864.4654814130686
1990,65.98,22.57,36.42,11.21,Karonga,3.18,2.99,703.0892448512585
1991,67.61,22.44,35.21,9.91,Karonga,3.76,2.86,811.3692074238356
1992,65.35,22.65,34.81,10.19,Karonga,2.77,2.96,196.18144541260892
1993,67.11,22.29,36.04,10.06,Karonga,3.62,3.0,1200.0206100577082
1994,66.3,22.49,36.22,10.63,Karonga,3.44,2.92,967.3369754736719
1995,66.61,22.47,36.02,10.82,Karonga,3.25,2.96,1430.9417040358744
1996,67.78,22.26,35.56,9.43,Karonga,4.05,2.8,1227.3511971778128
1997,69.76,22.4,36.08,10.6,Karonga,3.36,2.98,351.9746609917846
1998,62.59,23.55,35.61,11.64,Karonga,1.94,3.04,1491.5513212295523
1999,67.87,22.4,35.54,10.78,Karonga,3.59,3.01,1471.8501984126983
2000,63.95,22.91,34.76,11.1,Karonga,2.48,2.87,1004.7467180894461
2001,63.52,23.04,36.25,11.5,Karonga,2.27,2.83,1301.7971827945382
2002,65.47,23.03,35.21,11.0,Karonga,2.86,2.91,1031.7247080706832
2003,64.78,23.21,35.65,10.69,Karonga,2.8,2.65,795.8033628075319
2004,67.62,22.77,35.49,10.8,Karonga,3.15,2.87,904.005610329607
2005,64.36,23.32,35.8,11.51,Karonga,2.03,2.81,859.8766027185964
2006,68.78,22.74,35.62,10.19,Karonga,4.34,2.66,1638.0731229795565
2007,69.14,22.65,35.99,10.91,Karonga,4.02,2.68,1501.749581621786
2008,67.59,22.45,35.55,10.47,Karonga,3.22,2.62,1691.479140328698
2009,67.92,22.68,34.47,11.25,Karonga,3.39,2.62,2444.94062223967
2010,67.19,22.94,35.44,10.42,Karonga,3.19,2.74,2212.0290750154404
2011,69.09,22.59,35.97,11.11,Karonga,3.55,2.48,2476.5495597593936
2012,66.7,22.83,35.51,10.92,Karonga,3.35,2.55,1782.8528805230135
2013,65.52,23.13,36.54,11.82,Karonga,3.34,2.76,2174.334538284588
2014,70.07,22.7,35.24,10.81,Karonga,3.92,2.65,1356.4764226275531
2015,67.53,23.14,36.0,12.55,Karonga,3.07,2.69,1448.0906668922062
2016,68.56,22.78,35.2,11.06,Karonga,3.8,2.68,1546.1507293354944
2017,70.67,22.67,35.77,12.3,Karonga,4.47,2.59,1417.263491005996
2018,71.55,22.38,34.57,10.77,Karonga,4.11,2.69,1727.4824920050196
2019,71.37,22.85,37.13,11.61,Karonga,3.92,2.58,1576.8944208265766
2020,73.18,22.42,34.66,11.26,Karonga,5.01,2.57,2080.402010050251
2021,70.43,22.45,35.6,10.53,Karonga,3.37,2.79,2957.1983227209194
2022,71.03,22.25,34.46,11.94,Karonga,5.05,2.6,2691.8488514038395
2023,70.24,23.09,35.83,11.44,Karonga,3.65,2.62,353.0341046371155
2024,68.91,23.21,35.39,11.46,Karonga,3.25,2.64,
2025,69.67,22.83,34.94,10.8,Karonga,4.94,2.71,
1981,66.77,22.75,41.87,8.32,Mwanza,3.03,2.08,
1982,69.34,22.57,38.49,9.28,Mwanza,4.06,1.9,
1983,63.15,24.14,39.56,9.63,Mwanza,2.85,2.1,
1984,70.46,22.78,39.5,10.42,Mwanza,4.88,1.97,
1985,69.87,22.63,39.61,8.85,Mwanza,3.92,2.03,1178.7816739186073
1986,69.38,22.54,39.31,9.58,Mwanza,4.53,1.86,1013.3300049925111
1987,63.58,23.81,41.29,10.13,Mwanza,2.78,2.06,711.7980825670123
1988,67.33,23.39,39.29,10.34,Mwanza,3.24,2.03,781.9189221509147
1989,67.71,23.08,40.08,10.61,Mwanza,4.1,2.18,517.190629982421
1990,60.97,24.04,41.05,10.56,Mwanza,2.16,2.17,638.6110888871109
1991,64.44,23.32,38.36,10.35,Mwanza,3.09,2.05,877.5525812619502
1992,55.24,24.9,40.41,9.57,Mwanza,1.81,2.2,65.59944983571482
1993,62.18,23.96,39.81,10.54,Mwanza,2.4,2.01,1381.7532438175324
1994,59.18,23.79,41.9,10.17,Mwanza,2.25,2.24,478.1881299928897
1995,62.54,23.83,39.96,9.67,Mwanza,2.83,2.19,899.416186515053
1996,66.65,23.22,40.37,9.76,Mwanza,3.45,2.13,1227.6430842607315
1997,70.32,23.0,41.77,10.73,Mwanza,3.63,2.04,1004.3649718534575
1998,60.84,24.38,40.08,11.0,Mwanza,2.29,2.26,1284.8934361349711
1999,71.31,22.81,40.22,9.04,Mwanza,3.4,2.1,1705.402223675605
2000,65.28,23.81,39.4,10.54,Mwanza,2.88,2.04,1800.348539786941
2001,65.1,23.73,39.53,10.4,Mwanza,2.96,2.04,936.4643915285858
2002,62.68,24.0,40.13,11.12,Mwanza,2.26,2.11,952.7531700538475
2003,65.7,23.73,41.17,10.71,Mwanza,2.9,2.07,999.7451742371154
2004,69.48,23.23,40.15,10.53,Mwanza,3.31,2.1,685.7215090311526
2005,61.54,24.39,40.39,10.31,Mwanza,2.31,2.07,664.337840131244
2006,66.34,23.7,41.6,10.72,Mwanza,2.72,2.01,1557.1921443736728
2007,68.05,23.52,40.67,10.53,Mwanza,3.3,2.08,1875.04558162149
2008,63.79,23.64,40.73,10.04,Mwanza,2.49,1.98,1520.078808599409
2009,65.42,23.7,40.41,10.61,Mwanza,2.42,1.99,1970.8575256811075
2010,66.71,23.99,41.11,9.89,Mwanza,3.79,2.03,526.0699891241763
2011,66.07,23.47,43.02,10.1,Mwanza,2.47,1.95,1907.2640000000001
2012,63.51,23.96,41.1,9.83,Mwanza,2.9,2.0,1766.5154434155738
2013,66.98,23.3,41.56,10.69,Mwanza,3.25,2.1,2460.2786604742114
2014,65.23,23.78,41.35,10.67,Mwanza,2.71,2.06,2272.3334504156423
2015,65.22,23.89,42.34,11.0,Mwanza,4.01,2.0,1607.4269102078877
2016,62.22,24.57,41.26,10.93,Mwanza,3.27,2.07,744.5753585328144
2017,69.06,23.48,41.92,11.0,Mwanza,4.94,1.93,2432.636681086152
2018,71.32,23.08,40.87,10.34,Mwanza,4.03,2.04,1284.309275230746
2019,70.31,23.55,42.38,9.95,Mwanza,4.68,1.98,2585.659311218277
2020,66.74,23.82,43.15,9.48,Mwanza,3.79,2.03,2860.3173062927563
2021,67.52,23.65,42.11,9.94,Mwanza,3.64,2.02,2874.904222284954
2022,72.11,23.05,39.98,10.22,Mwanza,6.13,1.96,2283.1237322515212
2023,69.1,23.84,41.99,10.56,Mwanza,5.01,1.94,1520.9954838089748
2024,67.85,23.77,40.51,10.37,Mwanza,3.92,1.96,
2025,71.33,23.33,41.28,9.31,Mwanza,4.97,1.86,
1981,66.77,22.75,41.87,8.32,Neno,3.03,2.08,
1982,69.34,22.57,38.49,9.28,Neno,4.06,1.9,
1983,63.15,24.14,39.56,9.63,Neno,2.85,2.1,
1984,70.46,22.78,39.5,10.42,Neno,4.88,1.97,
1985,69.87,22.63,39.61,8.85,Neno,3.92,2.03,1178.7816739186076
1986,69.38,22.54,39.31,9.58,Neno,4.53,1.86,1013.3300049925114
1987,63.58,23.81,41.29,10.13,Neno,2.78,2.06,711.7980825670122
1988,67.33,23.39,39.29,10.34,Neno,3.24,2.03,781.9189221509148
1989,67.71,23.08,40.08,10.61,Neno,4.1,2.18,517.1906299824209
1990,60.97,24.04,41.05,10.56,Neno,2.16,2.17,638.6110888871111
1991,64.44,23.32,38.36,10.35,Neno,3.09,2.05,877.5525812619504
1992,55.24,24.9,40.41,9.57,Neno,1.81,2.2,65.59944983571484
1993,62.18,23.96,39.81,10.54,Neno,2.4,2.01,1381.7532438175324
1994,59.18,23.79,41.9,10.17,Neno,2.25,2.24,478.1881299928896
1995,62.54,23.83,39.96,9.67,Neno,2.83,2.19,899.4161865150531
1996,66.65,23.22,40.37,9.76,Neno,3.45,2.13,1227.6430842607313
1997,70.32,23.0,41.77,10.73,Neno,3.63,2.04,1004.3649718534575
1998,60.84,24.38,40.08,11.0,Neno,2.29,2.26,1284.8934361349711
1999,71.31,22.81,40.22,9.04,Neno,3.4,2.1,1705.4022236756052
2000,65.28,23.81,39.4,10.54,Neno,2.88,2.04,1800.348539786941
2001,65.1,23.73,39.53,10.4,Neno,2.96,2.04,936.4643915285856
2002,62.68,24.0,40.13,11.12,Neno,2.26,2.11,952.7531700538475
2003,65.7,23.73,41.17,10.71,Neno,2.9,2.07,3360.579851382629
2004,69.48,23.23,40.15,10.53,Neno,3.31,2.1,
2005,61.54,24.39,40.39,10.31,Neno,2.31,2.07,1233.756173138375
2006,66.34,23.7,41.6,10.72,Neno,2.72,2.01,835.1266532167675
2007,68.05,23.52,40.67,10.53,Neno,3.3,2.08,1377.347354866402
2008,63.79,23.64,40.73,10.04,Neno,2.49,1.98,1261.8027749324892
2009,65.42,23.7,40.41,10.61,Neno,2.42,1.99,1545.9138054363377
2010,66.71,23.99,41.11,9.89,Neno,3.79,2.03,832.9839896534808
2011,66.07,23.47,43.02,10.1,Neno,2.47,1.95,1382.6501843417914
2012,63.51,23.96,41.1,9.83,Neno,2.9,2.0,1233.2873112724358
2013,66.98,23.3,41.56,10.69,Neno,3.25,2.1,1712.420591456736
2014,65.23,23.78,41.35,10.67,Neno,2.71,2.06,1837.3293664683235
2015,65.22,23.89,42.34,11.0,Neno,4.01,2.0,1367.4100531405174
2016,62.22,24.57,41.26,10.93,Neno,3.27,2.07,800.9965470518816
2017,69.06,23.48,41.92,11.0,Neno,4.94,1.93,1745.203443905424
2018,71.32,23.08,40.87,10.34,Neno,4.03,2.04,1095.0544898349372
2019,70.31,23.55,42.38,9.95,Neno,4.68,1.98,1774.1062220694396
2020,66.74,23.82,43.15,9.48,Neno,3.79,2.03,1913.2779727763034
2021,67.52,23.65,42.11,9.94,Neno,3.64,2.02,2112.6423962399426
2022,72.11,23.05,39.98,10.22,Neno,6.13,1.96,1754.691475826972
2023,69.1,23.84,41.99,10.56,Neno,5.01,1.94,1913.4295227524974
2024,67.85,23.77,40.51,10.37,Neno,3.92,1.96,
2025,71.33,23.33,41.28,9.31,Neno,4.97,1.86,
1981,65.17,22.45,35.17,9.44,Nkhata Bay,3.4,2.9,
1982,71.07,22.14,33.96,9.32,Nkhata Bay,5.28,2.82,
1983,67.54,22.94,36.16,11.45,Nkhata Bay,3.64,2.93,
1984,70.82,21.74,33.88,11.54,Nkhata Bay,5.74,2.87,1165.0793650793648
1985,70.08,21.64,35.03,9.93,Nkhata Bay,5.32,2.83,1062.6765990238891
1986,69.97,21.73,34.23,9.91,Nkhata Bay,5.01,2.89,1064.447403462051
1987,68.42,22.49,34.85,9.93,Nkhata Bay,3.92,2.76,1079.115479115479
1988,66.72,22.9,34.71,11.68,Nkhata Bay,3.9,2.89,1273.953488372093
1989,70.89,21.8,34.86,10.54,Nkhata Bay,4.75,2.83,1001.2345679012344
1990,65.98,22.57,36.42,11.21,Nkhata Bay,3.18,2.99,931.5068493150685
1991,67.61,22.44,35.21,9.91,Nkhata Bay,3.76,2.86,
1992,65.35,22.65,34.81,10.19,Nkhata Bay,2.77,2.96,775.6835678258562
1993,67.11,22.29,36.04,10.06,Nkhata Bay,3.62,3.0,1088.2961124896608
1994,66.3,22.49,36.22,10.63,Nkhata Bay,3.44,2.92,937.9775280898875
1995,66.61,22.47,36.02,10.82,Nkhata Bay,3.25,2.96,1324.3839646929016
1996,67.78,22.26,35.56,9.43,Nkhata Bay,4.05,2.8,1488.8313370022659
1997,69.76,22.4,36.08,10.6,Nkhata Bay,3.36,2.98,1550.0201423391968
1998,62.59,23.55,35.61,11.64,Nkhata Bay,1.94,3.04,1471.4193962748875
1999,67.87,22.4,35.54,10.78,Nkhata Bay,3.59,3.01,2094.975845410628
2000,63.95,22.91,34.76,11.1,Nkhata Bay,2.48,2.87,2069.3000693000695
2001,63.52,23.04,36.25,11.5,Nkhata Bay,2.27,2.83,1836.9257950530036
2002,65.47,23.03,35.21,11.0,Nkhata Bay,2.86,2.91,1191.4745376235117
2003,64.78,23.21,35.65,10.69,Nkhata Bay,2.8,2.65,1322.2560694175204
2004,67.62,22.77,35.49,10.8,Nkhata Bay,3.15,2.87,1288.1473489519112
2005,64.36,23.32,35.8,11.51,Nkhata Bay,2.03,2.81,1438.853335671079
2006,68.78,22.74,35.62,10.19,Nkhata Bay,4.34,2.66,2389.1647455222555
2007,69.14,22.65,35.99,10.91,Nkhata Bay,4.02,2.68,2618.3779119930978
2008,67.59,22.45,35.55,10.47,Nkhata Bay,3.22,2.62,2216.6947723440135
2009,67.92,22.68,34.47,11.25,Nkhata Bay,3.39,2.62,2887.7058489494607
2010,67.19,22.94,35.44,10.42,Nkhata Bay,3.19,2.74,2838.492597577389
2011,69.09,22.59,35.97,11.11,Nkhata Bay,3.55,2.48,3042.108179236789
2012,66.7,22.83,35.51,10.92,Nkhata Bay,3.35,2.55,2773.902665428988
2013,65.52,23.13,36.54,11.82,Nkhata Bay,3.34,2.76,2578.5243646368835
2014,70.07,22.7,35.24,10.81,Nkhata Bay,3.92,2.65,2304.2519908987488
2015,67.53,23.14,36.0,12.55,Nkhata Bay,3.07,2.69,1776.845398947518
2016,68.56,22.78,35.2,11.06,Nkhata Bay,3.8,2.68,1685.0092185505603
2017,70.67,22.67,35.77,12.3,Nkhata Bay,4.47,2.59,1760.8588870956423
2018,71.55,22.38,34.57,10.77,Nkhata Bay,4.11,2.69,1720.4868439566626
2019,71.37,22.85,37.13,11.61,Nkhata Bay,3.92,2.58,1779.3111871030778
2020,73.18,22.42,34.66,11.26,Nkhata Bay,5.01,2.57,1811.132516857025
2021,70.43,22.45,35.6,10.53,Nkhata Bay,3.37,2.79,2021.8997069718582
2022,71.03,22.25,34.46,11.94,Nkhata Bay,5.05,2.6,1997.0589867376948
2023,70.24,23.09,35.83,11.44,Nkhata Bay,3.65,2.62,1956.568398459693
2024,68.91,23.21,35.39,11.46,Nkhata Bay,3.25,2.64,
2025,69.67,22.83,34.94,10.8,Nkhata Bay,4.94,2.71,
1981,67.92,20.15,36.8,4.5,Nkhotakota,2.65,2.49,
1982,75.58,19.67,34.35,5.16,Nkhotakota,4.69,2.38,
1983,68.67,21.14,36.77,6.88,Nkhotakota,3.86,2.35,
1984,73.49,19.85,33.79,6.99,Nkhotakota,4.47,2.37,1165.5838454784898
1985,75.35,19.36,35.95,4.44,Nkhotakota,3.96,2.4,1551.414502268997
1986,73.16,19.69,35.3,5.65,Nkhotakota,4.59,2.36,1198.575578671165
1987,68.92,20.63,35.93,5.85,Nkhotakota,3.24,2.31,1130.4785894206548
1988,71.18,20.53,35.07,7.16,Nkhotakota,3.58,2.46,1473.7288135593221
1989,74.86,19.74,35.67,6.48,Nkhotakota,4.45,2.42,1475.7281553398059
1990,67.01,20.7,36.46,7.76,Nkhotakota,2.9,2.48,1263.5897435897436
1991,66.89,20.72,34.51,6.34,Nkhotakota,3.35,2.39,1458.4724131160415
1992,62.21,21.43,35.1,7.79,Nkhotakota,2.86,2.41,599.9656622886084
1993,71.98,20.16,36.06,5.82,Nkhotakota,3.89,2.39,2496.9031704176123
1994,63.56,20.93,37.55,6.19,Nkhotakota,2.67,2.48,1409.4144865634455
1995,63.07,21.27,36.98,6.98,Nkhotakota,2.88,2.49,1973.734073832081
1996,68.96,20.49,35.68,5.82,Nkhotakota,3.38,2.41,2209.295458572019
1997,72.43,20.43,36.82,7.27,Nkhotakota,2.9,2.52,2052.588138191251
1998,59.99,22.05,35.87,8.08,Nkhotakota,2.12,2.63,1630.555877915748
1999,72.58,20.2,35.53,5.45,Nkhotakota,3.32,2.56,2444.1177961376657
2000,67.52,20.91,34.78,8.24,Nkhotakota,2.6,2.46,2256.2486872505774
2001,66.35,20.99,35.43,6.36,Nkhotakota,2.8,2.39,1144.4850466391
2002,65.77,21.28,35.95,6.13,Nkhotakota,2.6,2.42,1041.1529073042498
2003,66.91,21.14,36.37,7.41,Nkhotakota,2.89,2.25,1401.4788546421698
2004,69.58,20.87,36.17,7.98,Nkhotakota,3.51,2.4,912.9369086719937
2005,62.54,21.61,36.39,7.91,Nkhotakota,1.88,2.38,837.2353848310669
2006,68.63,20.91,36.65,6.73,Nkhotakota,2.93,2.31,1771.8904584629506
2007,68.81,20.98,36.25,7.0,Nkhotakota,2.77,2.36,1695.4637524141506
2008,65.31,20.93,36.21,6.61,Nkhotakota,2.56,2.29,1663.7517228268619
2009,69.7,20.62,34.83,7.42,Nkhotakota,2.83,2.23,2700.407080455564
2010,66.81,21.44,36.61,7.58,Nkhotakota,3.25,2.4,2863.7457203664294
2011,68.43,20.81,38.14,6.81,Nkhotakota,2.61,2.16,3038.9816282756688
2012,66.35,21.21,36.41,5.95,Nkhotakota,3.07,2.22,2937.5852499882417
2013,65.2,21.28,36.76,8.17,Nkhotakota,3.37,2.31,2894.021489576637
2014,70.15,20.81,37.91,6.65,Nkhotakota,3.68,2.29,3186.137005045754
2015,65.73,21.6,38.07,8.2,Nkhotakota,1.75,2.37,2487.6002160096373
2016,62.25,22.04,36.69,8.43,Nkhotakota,2.27,2.4,2249.0182299202183
2017,67.81,21.39,38.44,8.73,Nkhotakota,2.7,2.42,2394.788836749815
2018,69.74,21.0,36.11,6.06,Nkhotakota,3.36,2.39,2398.1333557554863
2019,71.8,20.96,37.69,6.59,Nkhotakota,3.62,2.32,2383.3668005354752
2020,70.76,21.01,36.09,6.92,Nkhotakota,3.93,2.33,2831.21031667784
2021,70.47,20.82,36.83,7.06,Nkhotakota,3.07,2.39,2982.6062778052396
2022,74.59,20.22,35.4,7.54,Nkhotakota,4.48,2.23,2965.405889311635
2023,72.25,21.14,37.06,7.02,Nkhotakota,3.3,2.26,2965.405889311635
2024,66.93,21.64,35.9,6.79,Nkhotakota,4.22,2.29,
2025,67.29,21.54,36.46,7.21,Nkhotakota,2.89,2.42,
1981,71.56,19.1,35.71,4.32,Ntchisi,2.65,2.49,
1982,76.71,18.89,32.85,4.88,Ntchisi,4.69,2.38,
1983,71.51,20.17,35.51,6.13,Ntchisi,3.86,2.35,
1984,76.08,19.01,32.78,6.58,Ntchisi,4.47,2.37,1736.9565217391305
1985,76.97,18.66,34.57,3.57,Ntchisi,3.96,2.4,1496.3503649635038
1986,75.96,18.79,33.64,5.23,Ntchisi,4.59,2.36,1341.6422287390028
1987,71.51,19.72,34.76,5.47,Ntchisi,3.24,2.31,1250.485436893204
1988,73.89,19.6,33.4,6.12,Ntchisi,3.58,2.46,1326.1724659606657
1989,76.31,18.99,34.95,6.22,Ntchisi,4.45,2.42,1798.5532368824588
1990,69.21,19.88,35.07,6.98,Ntchisi,2.9,2.48,1336.7222313913187
1991,69.87,19.73,33.1,5.87,Ntchisi,3.35,2.39,1395.651821534222
1992,64.55,20.53,34.55,6.4,Ntchisi,2.86,2.41,1144.2263100942957
1993,73.08,19.51,35.03,6.08,Ntchisi,3.89,2.39,1951.2839374080513
1994,64.87,20.18,35.72,6.35,Ntchisi,2.67,2.48,976.3408521303259
1995,66.58,20.24,35.21,6.02,Ntchisi,2.88,2.49,1388.5191620496344
1996,71.33,19.63,34.83,5.65,Ntchisi,3.38,2.41,1562.8155540464732
1997,74.2,19.65,35.56,6.74,Ntchisi,2.9,2.52,1604.423473901504
1998,64.16,20.94,34.44,7.53,Ntchisi,2.12,2.63,1463.5127595219217
1999,75.77,19.26,34.09,4.95,Ntchisi,3.32,2.56,1801.2921751615218
2000,70.65,20.01,33.82,7.71,Ntchisi,2.6,2.46,1956.6388627438253
2001,69.51,20.05,34.08,5.55,Ntchisi,2.8,2.39,1379.614233455271
2002,68.43,20.35,34.8,5.81,Ntchisi,2.6,2.42,1252.745697463768
2003,70.57,20.11,34.86,7.18,Ntchisi,2.89,2.25,1511.8570379989837
2004,72.67,19.9,34.49,7.28,Ntchisi,3.51,2.4,893.8902030220452
2005,65.98,20.63,35.23,6.91,Ntchisi,1.88,2.38,1040.599423631124
2006,71.83,19.96,35.17,5.38,Ntchisi,2.93,2.31,1598.374224061484
2007,69.81,20.34,35.6,6.98,Ntchisi,2.77,2.36,2179.9556565911703
2008,68.07,20.02,35.45,6.16,Ntchisi,2.56,2.29,2410.2537410540012
2009,70.98,19.94,34.65,6.84,Ntchisi,2.83,2.23,2630.4218040233613
2010,69.72,20.52,35.53,6.66,Ntchisi,3.25,2.4,2934.657780056396
2011,70.74,19.98,36.99,6.19,Ntchisi,2.61,2.16,2404.683369004155
2012,68.86,20.31,35.07,4.97,Ntchisi,3.07,2.22,3025.2948060131425
2013,68.41,20.29,35.51,7.41,Ntchisi,3.37,2.31,2884.9418940080773
2014,70.53,20.23,36.56,7.02,Ntchisi,3.68,2.29,3198.992646860775
2015,67.98,20.68,36.32,7.41,Ntchisi,1.75,2.37,2560.658728397801
2016,66.43,20.93,35.54,7.94,Ntchisi,2.27,2.4,3164.725457570715
2017,71.7,20.28,37.03,7.83,Ntchisi,2.7,2.42,3440.302176925484
2018,71.05,20.29,35.15,5.41,Ntchisi,3.36,2.39,2862.516733601071
2019,73.52,20.19,35.84,5.67,Ntchisi,3.62,2.32,3314.1368193260614
2020,71.56,20.32,35.16,6.76,Ntchisi,3.93,2.33,3439.1763394320938
2021,72.2,20.03,35.5,6.84,Ntchisi,3.07,2.39,3668.3959788445236
2022,75.12,19.66,34.57,7.01,Ntchisi,4.48,2.23,3707.0404011343553
2023,74.17,20.36,35.64,6.61,Ntchisi,3.3,2.26,3913.502892697304
2024,70.23,20.6,34.4,5.97,Ntchisi,4.22,2.29,
2025,72.29,20.28,34.9,5.95,Ntchisi,2.89,2.42,
1981,76.04,19.77,38.26,5.32,Phalombe,3.03,2.08,
1982,76.86,19.91,35.08,7.71,Phalombe,4.06,1.9,
1983,73.76,20.98,34.96,8.35,Phalombe,2.85,2.1,
1984,77.86,19.98,35.72,8.03,Phalombe,4.88,1.97,1137.9326127538309
1985,77.78,19.84,35.03,6.78,Phalombe,3.92,2.03,814.4356819352869
1986,76.76,19.84,36.25,7.5,Phalombe,4.53,1.86,906.8380813992516
1987,73.34,20.65,37.53,7.09,Phalombe,2.78,2.06,913.3267582940064
1988,75.95,20.48,35.79,7.68,Phalombe,3.24,2.03,1116.4311744459321
1989,74.16,20.41,36.84,7.98,Phalombe,4.1,2.18,959.5952611441478
1990,69.3,21.17,37.7,7.71,Phalombe,2.16,2.17,931.369688707624
1991,73.92,20.33,34.41,7.29,Phalombe,3.09,2.05,970.2447055086286
1992,65.26,21.73,36.88,7.91,Phalombe,1.81,2.2,298.5391586536725
1993,70.76,21.07,36.18,8.37,Phalombe,2.4,2.01,1257.234594917692
1994,68.64,20.83,38.41,7.17,Phalombe,2.25,2.24,763.872869726149
1995,72.33,20.75,36.43,7.74,Phalombe,2.83,2.19,895.9272964684469
1996,74.48,20.39,37.48,6.68,Phalombe,3.45,2.13,1420.225104457405
1997,76.55,20.48,37.95,8.14,Phalombe,3.63,2.04,800.0104764729405
1998,70.11,21.43,36.62,8.48,Phalombe,2.29,2.26,1602.6844575708033
1999,78.88,20.12,36.59,9.11,Phalombe,3.4,2.1,1733.6122733612274
2000,72.78,21.13,36.1,8.28,Phalombe,2.88,2.04,1468.2987268221823
2001,70.74,21.24,37.0,8.01,Phalombe,2.96,2.04,1355.602862578132
2002,72.89,20.91,36.98,9.43,Phalombe,2.26,2.11,1046.2370987802483
2003,72.9,21.07,37.4,8.7,Phalombe,2.9,2.07,1391.2011468590633
2004,77.73,20.45,36.36,8.84,Phalombe,3.31,2.1,730.5074441835238
2005,69.56,21.57,37.36,8.48,Phalombe,2.31,2.07,629.9884768243068
2006,73.32,21.07,37.84,7.94,Phalombe,2.72,2.01,1442.5328819579333
2007,76.0,20.72,36.86,7.94,Phalombe,3.3,2.08,1904.6804754943873
2008,72.06,20.78,38.46,8.02,Phalombe,2.49,1.98,1580.8095476988883
2009,73.87,20.83,37.16,8.38,Phalombe,2.42,1.99,2321.8204619082453
2010,73.97,21.26,37.8,8.08,Phalombe,3.79,2.03,1512.078419201324
2011,73.3,20.86,39.08,8.63,Phalombe,2.47,1.95,2001.9427402862987
2012,71.05,21.2,37.57,7.23,Phalombe,2.9,2.0,1775.800981930455
2013,74.06,20.61,37.39,8.61,Phalombe,3.25,2.1,2581.7352079981006
2014,72.27,21.12,38.1,8.72,Phalombe,2.71,2.06,2645.3337445703855
2015,72.07,21.22,38.87,8.57,Phalombe,4.01,2.0,1360.6797003471586
2016,69.91,21.77,38.64,8.7,Phalombe,3.27,2.07,1177.8776978417268
2017,74.94,20.98,38.57,9.24,Phalombe,4.94,1.93,2432.2080520130035
2018,78.57,20.36,36.79,8.46,Phalombe,4.03,2.04,2445.3549420279637
2019,75.57,21.12,38.67,8.21,Phalombe,4.68,1.98,2361.8656141252304
2020,73.94,21.12,39.68,7.37,Phalombe,3.79,2.03,2670.505277135466
2021,74.7,20.94,38.58,7.99,Phalombe,3.64,2.02,3688.047157698144
2022,78.01,20.48,36.26,9.15,Phalombe,6.13,1.96,2824.088557333654
2023,75.75,21.16,38.06,8.76,Phalombe,5.01,1.94,1678.2652853950844
2024,76.39,20.89,35.75,7.88,Phalombe,3.92,1.96,
2025,77.71,20.75,37.7,7.04,Phalombe,4.97,1.86,
1981,65.17,22.45,35.17,9.44,Rumphi,3.4,2.9,
1982,71.07,22.14,33.96,9.32,Rumphi,5.28,2.82,
1983,67.54,22.94,36.16,11.45,Rumphi,3.64,2.93,
1984,70.82,21.74,33.88,11.54,Rumphi,5.74,2.87,1745.1898075923039
1985,70.08,21.64,35.03,9.93,Rumphi,5.32,2.83,1523.1052708141394
1986,69.97,21.73,34.23,9.91,Rumphi,5.01,2.89,1423.9821029082773
1987,68.42,22.49,34.85,9.93,Rumphi,3.92,2.76,1162.5256773941112
1988,66.72,22.9,34.71,11.68,Rumphi,3.9,2.89,1226.851851851852
1989,70.89,21.8,34.86,10.54,Rumphi,4.75,2.83,1250.5367464905037
1990,65.98,22.57,36.42,11.21,Rumphi,3.18,2.99,1480.4432040654808
1991,67.61,22.44,35.21,9.91,Rumphi,3.76,2.86,1340.5113863363963
1992,65.35,22.65,34.81,10.19,Rumphi,2.77,2.96,741.9872489916295
1993,67.11,22.29,36.04,10.06,Rumphi,3.62,3.0,1945.269016697588
1994,66.3,22.49,36.22,10.63,Rumphi,3.44,2.92,824.4252308901553
1995,66.61,22.47,36.02,10.82,Rumphi,3.25,2.96,1409.855453350854
1996,67.78,22.26,35.56,9.43,Rumphi,4.05,2.8,1900.101291466194
1997,69.76,22.4,36.08,10.6,Rumphi,3.36,2.98,1525.8331286334235
1998,62.59,23.55,35.61,11.64,Rumphi,1.94,3.04,1785.3746709104482
1999,67.87,22.4,35.54,10.78,Rumphi,3.59,3.01,2252.4353658947653
2000,63.95,22.91,34.76,11.1,Rumphi,2.48,2.87,1996.7381634871997
2001,63.52,23.04,36.25,11.5,Rumphi,2.27,2.83,1539.949558638083
2002,65.47,23.03,35.21,11.0,Rumphi,2.86,2.91,
2003,64.78,23.21,35.65,10.69,Rumphi,2.8,2.65,1063.6001226617602
2004,67.62,22.77,35.49,10.8,Rumphi,3.15,2.87,1159.1375770020534
2005,64.36,23.32,35.8,11.51,Rumphi,2.03,2.81,1060.5712905368682
2006,68.78,22.74,35.62,10.19,Rumphi,4.34,2.66,2187.1493754207495
2007,69.14,22.65,35.99,10.91,Rumphi,4.02,2.68,2830.5097339872195
2008,67.59,22.45,35.55,10.47,Rumphi,3.22,2.62,2366.2305867951954
2009,67.92,22.68,34.47,11.25,Rumphi,3.39,2.62,3251.003869460466
2010,67.19,22.94,35.44,10.42,Rumphi,3.19,2.74,2659.7968281809544
2011,69.09,22.59,35.97,11.11,Rumphi,3.55,2.48,2877.5858391981233
2012,66.7,22.83,35.51,10.92,Rumphi,3.35,2.55,2600.793041698644
2013,65.52,23.13,36.54,11.82,Rumphi,3.34,2.76,2150.9165731387952
2014,70.07,22.7,35.24,10.81,Rumphi,3.92,2.65,2151.668553919936
2015,67.53,23.14,36.0,12.55,Rumphi,3.07,2.69,1375.7571678557006
2016,68.56,22.78,35.2,11.06,Rumphi,3.8,2.68,1584.1406768414067
2017,70.67,22.67,35.77,12.3,Rumphi,4.47,2.59,2578.6337518620985
2018,71.55,22.38,34.57,10.77,Rumphi,4.11,2.69,2487.425017885642
2019,71.37,22.85,37.13,11.61,Rumphi,3.92,2.58,2693.946742107863
2020,73.18,22.42,34.66,11.26,Rumphi,5.01,2.57,2849.7174000807427
2021,70.43,22.45,35.6,10.53,Rumphi,3.37,2.79,3504.628878327731
2022,71.03,22.25,34.46,11.94,Rumphi,5.05,2.6,3102.903571723171
2023,70.24,23.09,35.83,11.44,Rumphi,3.65,2.62,3062.8347018921813
2024,68.91,23.21,35.39,11.46,Rumphi,3.25,2.64,
2025,69.67,22.83,34.94,10.8,Rumphi,4.94,2.71,
1981,71.56,19.1,35.71,4.32,Salima,2.65,2.49,
1982,76.71,18.89,32.85,4.88,Salima,4.69,2.38,
1983,71.51,20.17,35.51,6.13,Salima,3.86,2.35,
1984,76.08,19.01,32.78,6.58,Salima,4.47,2.37,1523.7458193979933
1985,76.97,18.66,34.57,3.57,Salima,3.96,2.4,1071.8518518518517
1986,75.96,18.79,33.64,5.23,Salima,4.59,2.36,1059.090909090909
1987,71.51,19.72,34.76,5.47,Salima,3.24,2.31,1023.8322211630124
1988,73.89,19.6,33.4,6.12,Salima,3.58,2.46,1132.7433628318583
1989,76.31,18.99,34.95,6.22,Salima,4.45,2.42,1094.3037974683546
1990,69.21,19.88,35.07,6.98,Salima,2.9,2.48,874.6384631987912
1991,69.87,19.73,33.1,5.87,Salima,3.35,2.39,1146.7484972045902
1992,64.55,20.53,34.55,6.4,Salima,2.86,2.41,285.41718659013395
1993,73.08,19.51,35.03,6.08,Salima,3.89,2.39,1963.0077369439073
1994,64.87,20.18,35.72,6.35,Salima,2.67,2.48,497.66859511268456
1995,66.58,20.24,35.21,6.02,Salima,2.88,2.49,903.4995930705732
1996,71.33,19.63,34.83,5.65,Salima,3.38,2.41,1710.5987611837577
1997,74.2,19.65,35.56,6.74,Salima,2.9,2.52,1299.7959764661227
1998,64.16,20.94,34.44,7.53,Salima,2.12,2.63,1078.9651445555255
1999,75.77,19.26,34.09,4.95,Salima,3.32,2.56,2342.7448177269475
2000,70.65,20.01,33.82,7.71,Salima,2.6,2.46,1962.2352285395764
2001,69.51,20.05,34.08,5.55,Salima,2.8,2.39,1342.3963005265066
2002,68.43,20.35,34.8,5.81,Salima,2.6,2.42,1019.2918040948412
2003,70.57,20.11,34.86,7.18,Salima,2.89,2.25,1410.3772684769956
2004,72.67,19.9,34.49,7.28,Salima,3.51,2.4,593.559428254634
2005,65.98,20.63,35.23,6.91,Salima,1.88,2.38,544.4441765712771
2006,71.83,19.96,35.17,5.38,Salima,2.93,2.31,1556.9072302262082
2007,69.81,20.34,35.6,6.98,Salima,2.77,2.36,1609.6562208817616
2008,68.07,20.02,35.45,6.16,Salima,2.56,2.29,1617.3635125222677
2009,70.98,19.94,34.65,6.84,Salima,2.83,2.23,2366.5071504089924
2010,69.72,20.52,35.53,6.66,Salima,3.25,2.4,2228.7049080243146
2011,70.74,19.98,36.99,6.19,Salima,2.61,2.16,2367.6800919396123
2012,68.86,20.31,35.07,4.97,Salima,3.07,2.22,1747.7258602180914
2013,68.41,20.29,35.51,7.41,Salima,3.37,2.31,1766.798740772905
2014,70.53,20.23,36.56,7.02,Salima,3.68,2.29,2495.2648558642936
2015,67.98,20.68,36.32,7.41,Salima,1.75,2.37,1385.0381185851675
2016,66.43,20.93,35.54,7.94,Salima,2.27,2.4,1500.1915708812262
2017,71.7,20.28,37.03,7.83,Salima,2.7,2.42,1992.9386346270387
2018,71.05,20.29,35.15,5.41,Salima,3.36,2.39,1353.5776901161516
2019,73.52,20.19,35.84,5.67,Salima,3.62,2.32,1939.8990430118834
2020,71.56,20.32,35.16,6.76,Salima,3.93,2.33,2007.2341943043455
2021,72.2,20.03,35.5,6.84,Salima,3.07,2.39,2470.8959256457365
2022,75.12,19.66,34.57,7.01,Salima,4.48,2.23,1818.1898202143345
2023,74.17,20.36,35.64,6.61,Salima,3.3,2.26,1714.1174840676088
2024,70.23,20.6,34.4,5.97,Salima,4.22,2.29,
2025,72.29,20.28,34.9,5.95,Salima,2.89,2.42,
